Customer ID,Sales_Channel,Recency,Frequency,Monetary,R_Score,F_Score,M_Score,RFM_Segment,Customer_Status,Delivery_Time_Days,Profit_Margin,High_Discount_Ratio,Churn_Probability_%
AA-10315,DTC,185,5,5563.56,1,1,4,114,Needs Attention,4.818181818181818,0.26636363636363636,0.45454545454545453,2.69
AA-10375,DTC,20,9,1056.39,4,4,1,441,Loyal Customers,3.2666666666666666,0.31933333333333336,0.4,15.55
AA-10480,DTC,260,4,1790.5120000000002,1,1,2,112,At Risk,5.416666666666667,0.33083333333333337,0.08333333333333333,64.82
AA-10645,DTC,56,6,5086.935,3,2,4,324,Loyal Customers,3.888888888888889,0.24444444444444446,0.16666666666666666,1.61
AB-10015,DTC,416,3,886.156,1,1,1,111,Hibernating,2.1666666666666665,0.105,0.3333333333333333,76.84
AB-10060,B2B,55,8,7755.62,3,3,4,334,Champions,4.055555555555555,0.34444444444444444,0.2222222222222222,1.06
AB-10105,DTC,42,10,14473.570999999998,3,4,4,344,Champions,4.45,-0.08350000000000002,0.7,0.6
AB-10150,DTC,42,5,966.71,3,1,1,311,At Risk,2.8333333333333335,0.215,0.5,58.19
AB-10165,DTC,26,8,1113.838,4,3,1,431,Loyal Customers,4.357142857142857,0.24214285714285716,0.6428571428571429,7.68
AB-10255,B2B,167,9,914.532,2,4,1,241,Needs Attention,4.357142857142857,0.3071428571428571,0.42857142857142855,14.64
AB-10600,B2B,51,4,1515.862,3,1,2,312,Needs Attention,2.375,-0.335,0.875,54.59
AC-10420,B2B,233,3,925.8,1,1,1,111,Hibernating,4.0,-0.19,1.0,88.88
AC-10450,DTC,12,7,5527.846,4,3,4,434,Champions,3.4444444444444446,0.1322222222222222,0.6666666666666666,0.35
AC-10615,B2B,7,5,2537.686,4,1,3,413,Loyal Customers,4.333333333333333,0.15166666666666667,0.3333333333333333,2.54
AC-10660,DTC,283,5,657.316,1,1,1,111,Hibernating,3.0,0.06166666666666667,0.8333333333333334,57.69
AD-10180,B2B,30,8,6106.88,4,3,4,434,Champions,4.416666666666667,0.3025,0.25,0.52
AF-10870,DTC,42,7,2052.908,3,3,2,332,Loyal Customers,5.0,-0.07874999999999999,0.5625,4.46
AF-10885,DTC,416,4,861.565,1,1,1,111,Hibernating,3.5714285714285716,-0.12,0.7142857142857143,78.93
AG-10270,DTC,279,5,2582.898,1,2,3,123,Needs Attention,4.071428571428571,0.27071428571428574,0.07142857142857142,3.39
AG-10300,B2B,119,4,367.548,2,1,1,211,At Risk,5.6,0.242,0.4,73.52
AG-10330,DTC,9,5,660.972,4,2,1,421,Needs Attention,2.7777777777777777,-0.003333333333333335,0.6666666666666666,52.7
AG-10390,DTC,115,5,200.945,2,2,1,221,At Risk,2.875,0.1,0.5,66.47
AG-10495,B2B,79,8,2356.855,2,3,3,233,Loyal Customers,3.9047619047619047,0.17666666666666667,0.8571428571428571,3.59
AG-10525,B2B,846,4,1455.038,1,1,2,112,At Risk,5.555555555555555,0.17555555555555558,0.5555555555555556,57.7
AG-10675,DTC,98,7,3489.0396000000005,2,3,3,233,Loyal Customers,3.6,0.13733333333333334,0.7333333333333333,0.35
AG-10765,B2B,78,4,170.584,2,1,1,211,At Risk,3.6,-0.604,0.6,80.89
AG-10900,DTC,97,10,4510.797,2,4,4,244,Champions,3.2857142857142856,0.09428571428571428,0.5238095238095238,0.34
AH-10030,B2B,13,7,1744.7,4,3,2,432,Loyal Customers,3.4545454545454546,0.31,0.45454545454545453,8.95
AH-10075,B2B,35,10,3250.337,3,4,3,343,Champions,2.5,0.1685,0.5,0.52
AH-10120,B2B,61,7,1735.514,3,3,2,332,Loyal Customers,3.375,-0.036875000000000005,0.75,9.31
AH-10195,B2B,56,4,1587.452,3,1,2,312,Needs Attention,2.75,-0.24125000000000002,1.0,56.32
AH-10210,DTC,7,9,4805.344,4,4,4,444,Champions,4.846153846153846,0.3,0.46153846153846156,0.58
AH-10465,DTC,231,5,2495.3916,1,2,3,123,Needs Attention,4.375,0.1325,0.625,2.72
AH-10585,DTC,22,4,738.504,4,1,1,411,Needs Attention,3.6,0.188,0.6,64.56
AH-10690,B2B,411,12,7888.294,1,4,4,144,Loyal Customers,5.086956521739131,-0.014782608695652177,0.6521739130434783,1.12
AI-10855,DTC,14,10,4375.786,4,4,4,444,Champions,3.7222222222222223,0.31222222222222223,0.3333333333333333,0.35
AJ-10780,B2B,76,7,4867.344,3,3,4,334,Champions,3.7333333333333334,0.20733333333333331,0.2,0.39
AJ-10795,B2B,167,7,4501.391,2,3,4,234,Loyal Customers,3.7142857142857144,0.2642857142857143,0.38095238095238093,0.27
AJ-10945,DTC,86,7,1839.24,2,3,2,232,Needs Attention,4.2,0.277,0.2,4.97
AJ-10960,DTC,75,3,629.2479999999999,3,1,1,311,At Risk,4.4,0.27,0.2,76.18
AM-10360,B2B,29,5,814.012,4,2,1,421,Needs Attention,2.5833333333333335,0.29083333333333333,0.5,51.34
AM-10705,DTC,163,8,5664.022,2,3,4,234,Loyal Customers,4.318181818181818,0.245,0.18181818181818182,0.41
AO-10810,B2B,502,1,161.28,1,1,1,111,Hibernating,3.0,0.08,1.0,89.83
AP-10720,B2B,42,8,1638.554,3,3,2,332,Loyal Customers,4.0,0.17789473684210524,0.631578947368421,5.97
AP-10915,DTC,99,10,3323.556,2,4,3,243,Loyal Customers,4.741935483870968,0.23935483870967741,0.3870967741935484,0.43
AR-10345,B2B,112,4,1055.694,2,1,1,211,At Risk,3.8,-0.018000000000000002,0.8,82.09
AR-10405,B2B,126,5,2236.128,2,2,2,222,Needs Attention,4.142857142857143,0.20285714285714285,0.42857142857142855,10.06
AR-10510,DTC,15,5,264.86400000000003,4,2,1,421,Needs Attention,3.7142857142857144,0.05428571428571427,0.5714285714285714,55.25
AR-10540,DTC,7,6,6608.448,4,2,4,424,Champions,3.0,0.3844444444444444,0.3333333333333333,11.65
AR-10570,DTC,535,1,88.15,1,1,1,111,Hibernating,5.0,0.385,0.0,91.25
AR-10825,B2B,59,8,4523.336,3,3,4,334,Champions,4.615384615384615,0.21384615384615382,0.3076923076923077,0.31
AS-10045,B2B,89,7,3050.692,2,3,3,233,Loyal Customers,3.5,-0.11900000000000002,0.7,0.51
AS-10090,DTC,29,9,3255.31,4,4,3,443,Champions,4.08,0.09599999999999997,0.56,0.39
AS-10135,B2B,42,2,58.82,3,1,1,311,At Risk,4.0,0.3933333333333333,0.3333333333333333,84.49
AS-10225,B2B,23,5,4260.784,4,2,4,424,Champions,3.769230769230769,0.2684615384615384,0.3076923076923077,2.79
AS-10240,DTC,193,7,584.6080000000001,1,3,1,131,At Risk,3.923076923076923,-0.003076923076923075,0.7692307692307693,61.3
AS-10285,B2B,20,6,3214.236,4,2,3,423,Loyal Customers,3.5,-0.07999999999999999,0.625,2.03
AS-10630,B2B,93,7,833.398,2,3,1,231,Needs Attention,5.5,0.28833333333333333,0.8333333333333334,14.54
AT-10435,B2B,22,6,1171.814,4,2,2,422,Loyal Customers,4.444444444444445,0.026666666666666665,0.4444444444444444,36.11
AT-10735,DTC,14,10,3831.864,4,4,4,444,Champions,4.1875,0.234375,0.4375,0.26
AW-10840,DTC,21,4,649.376,4,1,1,411,Needs Attention,3.25,-0.031250000000000014,0.625,64.95
AW-10930,B2B,47,7,2852.968,3,3,3,333,Loyal Customers,4.1875,-0.254375,0.8125,0.57
AY-10555,B2B,15,4,497.014,4,1,1,411,Needs Attention,5.0,0.267,0.5,71.18
AZ-10750,DTC,161,6,1622.0179999999998,2,2,2,222,Needs Attention,3.6666666666666665,0.18999999999999997,0.5833333333333334,20.66
BB-10990,B2B,106,5,744.3399999999999,2,2,1,221,At Risk,4.125,-0.03500000000000002,0.625,54.37
BB-11545,B2B,29,9,6765.728,4,4,4,444,Champions,4.35,-0.126,0.5,0.81
BC-11125,B2B,203,9,2933.676,1,4,3,143,Loyal Customers,2.7222222222222223,0.16499999999999998,0.5,0.52
BD-11320,DTC,34,12,5718.521,3,4,4,344,Champions,4.842105263157895,0.2431578947368421,0.3684210526315789,0.43
BD-11500,DTC,36,6,4411.243,3,2,4,324,Loyal Customers,4.6,0.10600000000000001,0.3,1.88
BD-11560,B2B,279,2,320.54,1,1,1,111,Hibernating,4.0,0.42,0.0,89.8
BD-11605,DTC,98,7,3288.471,2,3,3,233,Loyal Customers,4.25,0.2885,0.3,0.28
BD-11620,DTC,70,6,1538.11,3,2,2,322,Needs Attention,2.125,0.08499999999999999,0.75,22.46
BD-11635,DTC,10,3,582.646,4,1,1,411,Needs Attention,4.0,0.284,0.4,69.93
BD-11725,DTC,94,6,1526.5,2,2,2,222,Needs Attention,3.7,0.312,0.1,25.63
BD-11770,DTC,328,6,658.466,1,2,1,121,At Risk,4.3,0.259,0.6,44.77
BE-11335,B2B,120,5,4204.676,2,2,4,224,Loyal Customers,4.555555555555555,0.3577777777777778,0.1111111111111111,8.21
BE-11410,DTC,99,5,2261.438,2,2,3,223,Needs Attention,2.8,0.346,0.8,12.38
BE-11455,B2B,255,6,1727.652,1,2,2,122,At Risk,2.923076923076923,0.1469230769230769,0.46153846153846156,27.37
BF-10975,B2B,92,7,599.798,2,3,1,231,Needs Attention,4.3076923076923075,0.24846153846153846,0.5384615384615384,27.01
BF-11005,B2B,40,4,1333.88,3,1,2,312,Needs Attention,4.1,0.0030000000000000027,0.5,60.01
BF-11020,B2B,75,8,2888.506,3,3,3,333,Loyal Customers,2.9523809523809526,0.02904761904761904,0.9047619047619048,0.82
BF-11080,DTC,26,3,272.95,4,1,1,411,Needs Attention,3.5,0.4116666666666666,0.0,87.59
BF-11170,B2B,17,11,5907.972,4,4,4,444,Champions,4.407407407407407,0.22444444444444447,0.5185185185185185,0.38
BF-11215,B2B,66,4,1585.162,3,1,2,312,Needs Attention,5.125,0.34125,0.25,49.91
BF-11275,B2B,58,3,791.9899999999999,3,1,1,311,At Risk,4.25,0.135,0.75,84.92
BG-11035,DTC,29,8,2798.948,4,3,3,433,Champions,3.5,0.050833333333333335,0.75,0.43
BG-11695,B2B,37,6,1874.172,3,2,2,322,Needs Attention,4.0,0.2225,0.5,10.32
BG-11740,DTC,58,6,1006.356,3,2,1,321,Needs Attention,4.428571428571429,0.18857142857142858,0.7142857142857143,39.03
BH-11710,DTC,24,8,6255.351,4,3,4,434,Champions,4.25,0.11791666666666667,0.5416666666666666,0.35
BK-11260,DTC,78,6,659.1379999999999,2,2,1,221,At Risk,4.4375,-0.12125,0.4375,64.05
BM-11140,DTC,308,4,11789.63,1,1,4,114,Needs Attention,2.75,-0.006874999999999985,0.5625,13.96
BM-11575,B2B,101,6,808.162,2,2,1,221,At Risk,4.1,0.05900000000000001,0.5,55.68
BM-11650,B2B,34,11,7294.185,3,4,4,344,Champions,3.6206896551724137,0.25724137931034485,0.20689655172413793,0.39
BM-11785,DTC,219,10,1338.842,1,4,2,142,Needs Attention,3.357142857142857,-0.02357142857142856,0.7857142857142857,11.83
BN-11470,B2B,25,4,265.296,4,1,1,411,Needs Attention,4.166666666666667,0.21666666666666667,0.8333333333333334,79.77
BN-11515,DTC,10,5,1459.344,4,2,2,422,Loyal Customers,5.176470588235294,0.31764705882352945,0.11764705882352941,38.91
BO-11350,B2B,138,5,2682.728,2,2,3,223,Needs Attention,5.083333333333333,0.05250000000000001,0.6666666666666666,2.78
BO-11425,DTC,76,2,130.83,3,1,1,311,At Risk,6.0,0.4,0.0,91.96
BP-11050,B2B,84,5,983.42,2,2,1,221,At Risk,4.428571428571429,0.001428571428571416,0.2857142857142857,63.1
BP-11095,B2B,18,12,2442.044,4,4,3,443,Champions,3.4,0.139,0.55,0.37
BP-11155,DTC,90,6,1697.861,2,2,2,222,Needs Attention,3.4545454545454546,0.2636363636363636,0.18181818181818182,22.56
BP-11185,B2B,2,9,3675.861,4,4,3,443,Champions,3.2222222222222223,0.11777777777777779,0.7777777777777778,0.35
BP-11230,DTC,40,5,1181.49,3,2,2,322,Needs Attention,5.0,0.28833333333333333,0.16666666666666666,39.58
BP-11290,DTC,13,7,2475.157,4,3,3,433,Champions,3.9375,-0.02625,1.0,2.52
BS-11365,B2B,559,5,10501.653,1,2,4,124,Needs Attention,3.5555555555555554,0.27,0.0,9.06
BS-11380,B2B,29,5,3887.834,4,2,4,424,Champions,4.384615384615385,-0.1,0.9230769230769231,3.93
BS-11590,B2B,36,6,2454.928,3,2,3,323,Loyal Customers,4.9,-0.152,0.6,2.56
BS-11665,DTC,583,3,3288.11,1,1,3,113,At Risk,4.090909090909091,-0.0045454545454545504,0.5454545454545454,46.31
BS-11755,DTC,2,7,2562.382,4,3,3,433,Champions,4.928571428571429,0.15214285714285714,0.42857142857142855,0.41
BS-11800,B2B,266,2,949.43,1,1,1,111,Hibernating,2.75,0.37124999999999997,0.0,84.34
BT-11305,B2B,337,5,2567.656,1,2,3,123,Needs Attention,4.777777777777778,0.27555555555555555,0.2222222222222222,2.36
BT-11395,B2B,303,6,2186.6130000000003,1,2,2,122,At Risk,4.4,0.144,0.5,15.72
BT-11440,DTC,561,4,603.876,1,1,1,111,Hibernating,4.142857142857143,0.06142857142857141,0.42857142857142855,71.9
BT-11485,B2B,660,2,415.196,1,1,1,111,Hibernating,2.6666666666666665,0.3633333333333333,0.3333333333333333,85.09
BT-11530,B2B,92,5,2684.492,2,2,3,223,Needs Attention,3.0,0.24300000000000002,0.4,4.03
BT-11680,DTC,21,7,3196.752,4,3,3,433,Champions,4.8,0.3055,0.3,0.51
BV-11245,B2B,335,5,1523.273,1,2,2,122,At Risk,4.5,0.2592857142857143,0.2857142857142857,37.95
BW-11065,DTC,213,3,385.516,1,1,1,111,Hibernating,4.666666666666667,0.16,0.6666666666666666,83.02
BW-11110,B2B,122,8,4750.358,2,3,4,234,Loyal Customers,5.352941176470588,0.1652941176470588,0.4117647058823529,0.43
BW-11200,DTC,204,6,1738.406,1,2,2,122,At Risk,4.2,0.06599999999999999,0.4,33.63
CA-11965,B2B,97,6,3789.7228,2,2,4,224,Loyal Customers,4.6,0.28200000000000003,0.5,2.62
CA-12055,B2B,402,5,1679.7240000000002,1,2,2,122,At Risk,5.1,-0.20400000000000001,0.9,46.03
CA-12265,DTC,57,9,2648.2872,3,4,3,343,Champions,4.0,-0.0688235294117647,0.4117647058823529,0.74
CA-12310,B2B,14,4,1421.954,4,1,2,412,Needs Attention,4.636363636363637,0.15454545454545454,0.5454545454545454,59.51
CA-12775,DTC,121,7,3041.566,2,3,3,233,Loyal Customers,3.1176470588235294,0.12588235294117647,0.5294117647058824,1.13
CB-12025,DTC,48,10,6076.139,3,4,4,344,Champions,4.269230769230769,0.10423076923076922,0.5384615384615384,1.35
CB-12415,DTC,27,8,1949.2,4,3,2,432,Loyal Customers,4.0,-0.32,0.6666666666666666,5.06
CB-12535,B2B,198,8,4246.4555,1,3,4,134,Loyal Customers,3.210526315789474,0.3136842105263158,0.21052631578947367,0.47
CC-12100,B2B,458,6,1770.945,1,2,2,122,At Risk,3.3076923076923075,0.02692307692307694,0.6153846153846154,29.61
CC-12145,DTC,107,7,2471.65,2,3,3,233,Loyal Customers,3.909090909090909,0.30363636363636365,0.36363636363636365,0.35
CC-12220,DTC,21,12,3913.418,4,4,4,444,Champions,3.8181818181818183,0.23636363636363636,0.4090909090909091,0.27
CC-12370,DTC,44,5,12129.072000000002,3,2,4,324,Loyal Customers,3.4545454545454546,-0.010909090909090919,0.7272727272727273,2.34
CC-12430,B2B,1,10,2870.05,4,4,3,443,Champions,3.9473684210526314,0.2973684210526316,0.2631578947368421,0.47
CC-12475,DTC,40,9,1659.438,3,4,2,342,Loyal Customers,3.230769230769231,-0.0007692307692307817,0.5384615384615384,7.32
CC-12550,DTC,28,3,113.832,4,1,1,411,Needs Attention,3.75,0.3225,0.75,81.37
CC-12610,B2B,35,7,2540.631,3,3,3,333,Loyal Customers,2.75,-0.17166666666666666,0.75,1.45
CC-12670,DTC,30,7,2269.7015,4,3,3,433,Champions,3.7142857142857144,0.08571428571428573,0.5714285714285714,2.45
CC-12685,DTC,800,4,2854.115,1,1,3,113,At Risk,4.25,-0.0074999999999999884,0.5833333333333334,31.0
CD-11920,DTC,41,5,2033.968,3,2,2,322,Needs Attention,3.4444444444444446,0.27888888888888885,0.2222222222222222,10.9
CD-11980,DTC,55,3,639.766,3,1,1,311,At Risk,4.833333333333333,-0.6766666666666666,0.8333333333333334,92.66
CD-12280,DTC,43,2,1205.584,3,1,2,312,Needs Attention,4.230769230769231,0.2646153846153846,0.3076923076923077,63.27
CD-12790,B2B,400,5,1860.732,1,2,2,122,At Risk,4.266666666666667,0.35733333333333334,0.13333333333333333,51.47
CG-12040,B2B,50,6,904.468,3,2,1,321,Needs Attention,4.777777777777778,0.18444444444444447,0.6666666666666666,36.44
CG-12520,DTC,339,3,1148.7800000000002,1,1,2,112,At Risk,1.4,0.03800000000000001,0.6,71.71
CH-12070,B2B,692,3,1537.236,1,1,2,112,At Risk,4.25,0.1225,0.75,75.25
CJ-11875,B2B,366,1,16.52,1,1,1,111,Hibernating,3.0,0.1,1.0,89.31
CJ-12010,DTC,190,8,11164.974,1,3,4,134,Loyal Customers,4.65,0.087,0.65,0.48
CK-12205,DTC,40,13,3154.855,3,4,3,343,Champions,3.875,0.0640625,0.84375,0.43
CK-12325,B2B,121,5,2945.321,2,2,3,223,Needs Attention,4.75,0.12,0.5,2.84
CK-12595,DTC,44,11,2372.75,3,4,3,343,Champions,2.72,0.0868,0.44,2.5
CK-12760,B2B,83,9,1582.109,2,4,2,242,Loyal Customers,4.714285714285714,0.08642857142857144,0.35714285714285715,6.89
CL-11890,DTC,107,4,1262.014,2,1,2,212,At Risk,2.2857142857142856,0.26142857142857145,0.2857142857142857,66.18
CL-12565,DTC,285,12,10880.546,1,4,4,144,Loyal Customers,3.9285714285714284,0.24464285714285713,0.5714285714285714,0.6
CL-12700,B2B,106,5,2353.586,2,2,3,223,Needs Attention,4.125,0.11624999999999999,0.625,5.74
CM-11815,B2B,132,6,1673.888,2,2,2,222,Needs Attention,4.1,0.233,0.6,21.41
CM-11935,DTC,709,2,565.392,1,1,1,111,Hibernating,5.0,0.1575,1.0,90.14
CM-12115,DTC,9,4,1661.61,4,1,2,412,Needs Attention,3.142857142857143,0.31428571428571433,0.14285714285714285,42.49
CM-12160,DTC,27,6,2533.314,4,2,3,423,Loyal Customers,4.142857142857143,-0.14999999999999997,0.7142857142857143,2.03
CM-12190,DTC,9,6,1475.144,4,2,2,422,Loyal Customers,1.7142857142857142,0.09857142857142856,0.2857142857142857,29.45
CM-12235,DTC,386,5,2305.712,1,2,3,123,Needs Attention,4.0,0.33875,0.375,9.8
CM-12385,DTC,38,4,8954.019999999999,3,1,4,314,Loyal Customers,4.7,0.18,0.4,10.94
CM-12445,DTC,437,3,287.99,1,1,1,111,Hibernating,2.888888888888889,0.26666666666666666,0.3333333333333333,79.26
CM-12655,B2B,28,6,6339.5576,4,2,4,424,Champions,4.1,0.24300000000000002,0.3,2.05
CM-12715,B2B,1036,4,3984.4524,1,1,4,114,Needs Attention,4.461538461538462,-0.2253846153846154,0.8461538461538461,18.44
CP-12085,B2B,83,8,5402.254,2,3,4,234,Loyal Customers,3.642857142857143,0.1457142857142857,0.5,0.34
CP-12340,B2B,161,8,5888.275,2,3,4,234,Loyal Customers,4.2,0.012666666666666654,0.5333333333333333,0.44
CR-12580,B2B,58,4,2148.852,3,1,2,312,Needs Attention,3.8333333333333335,0.205,0.6666666666666666,46.91
CR-12625,B2B,471,3,475.9,1,1,1,111,Hibernating,4.25,0.3725,0.0,87.46
CR-12730,DTC,79,4,1600.55,2,1,2,212,At Risk,5.0,0.04166666666666666,0.8333333333333334,66.13
CR-12820,B2B,86,3,1397.8724,2,1,2,212,At Risk,4.0,0.12999999999999998,0.5714285714285714,70.9
CS-11845,B2B,92,5,1278.954,2,2,2,222,Needs Attention,2.875,-0.15625,0.625,34.42
CS-11860,DTC,163,6,537.632,2,2,1,221,At Risk,4.571428571428571,0.03142857142857145,0.7142857142857143,63.37
CS-11950,DTC,26,11,3036.547,4,4,3,443,Champions,4.181818181818182,-0.105,0.6363636363636364,0.6
CS-12130,DTC,490,4,884.64,1,1,1,111,Hibernating,4.571428571428571,0.23857142857142857,0.5714285714285714,72.46
CS-12175,B2B,233,5,844.4580000000001,1,2,1,121,At Risk,5.25,0.12375000000000001,0.5,56.71
CS-12250,B2B,27,12,2754.216,4,4,3,443,Champions,3.5714285714285716,0.3485714285714286,0.2857142857142857,1.05
CS-12355,DTC,7,11,3202.1620000000003,4,4,3,443,Champions,3.909090909090909,0.2913636363636364,0.4090909090909091,0.27
CS-12400,B2B,3,9,3651.8585,4,4,3,443,Champions,4.142857142857143,0.008571428571428575,0.6428571428571429,0.45
CS-12460,DTC,28,2,550.644,4,1,1,411,Needs Attention,5.333333333333333,0.325,0.3333333333333333,78.82
CS-12490,B2B,425,4,1077.2285,1,1,1,111,Hibernating,4.666666666666667,0.027777777777777776,0.7777777777777778,84.61
CS-12505,DTC,59,6,5690.054999999999,3,2,4,324,Loyal Customers,5.333333333333333,0.03222222222222221,0.4444444444444444,3.34
CT-11995,DTC,97,8,3241.898,2,3,3,233,Loyal Customers,4.0,0.02722222222222221,0.5555555555555556,0.48
CV-12295,DTC,255,5,2830.628,1,2,3,123,Needs Attention,3.076923076923077,0.2969230769230769,0.38461538461538464,4.64
CV-12805,B2B,6,9,2370.3136,4,4,3,443,Champions,3.5789473684210527,-0.10052631578947369,0.6842105263157895,3.06
CW-11905,B2B,23,6,1136.592,4,2,1,421,Needs Attention,3.727272727272727,0.29454545454545455,0.45454545454545453,26.52
CY-12745,B2B,61,8,2900.026,3,3,3,333,Loyal Customers,3.909090909090909,0.09909090909090908,0.7272727272727273,0.37
Co-12640,DTC,550,5,1300.076,1,2,2,122,At Risk,5.125,0.1475,0.625,40.43
DA-13450,B2B,353,4,156.76,1,1,1,111,Hibernating,4.25,0.3,0.625,76.33
DB-12910,B2B,22,8,2171.599,4,3,2,432,Loyal Customers,3.6666666666666665,0.17,0.3333333333333333,2.51
DB-12970,B2B,242,5,2839.2272,1,2,3,123,Needs Attention,3.5714285714285716,0.1335714285714286,0.6428571428571429,2.88
DB-13060,DTC,17,7,4531.646,4,3,4,434,Champions,2.5384615384615383,0.02923076923076922,0.6153846153846154,0.55
DB-13120,B2B,49,7,2973.094,3,3,3,333,Loyal Customers,4.071428571428571,0.15214285714285714,0.42857142857142855,0.26
DB-13210,DTC,10,10,2332.577,4,4,3,443,Champions,3.6666666666666665,0.056190476190476187,0.6190476190476191,1.34
DB-13270,B2B,54,8,4655.897,3,3,4,334,Champions,4.6923076923076925,-0.06384615384615386,0.5384615384615384,0.96
DB-13360,B2B,265,5,1081.466,1,2,1,121,At Risk,4.5,0.3383333333333333,0.3333333333333333,67.92
DB-13405,DTC,188,4,1711.692,1,1,2,112,At Risk,4.428571428571429,0.3,0.14285714285714285,61.04
DB-13555,B2B,108,7,3908.8028,2,3,4,234,Loyal Customers,4.928571428571429,0.09571428571428572,0.5,0.5
DB-13615,DTC,34,7,1989.05,3,3,2,332,Loyal Customers,3.8181818181818183,0.2409090909090909,0.7272727272727273,2.88
DB-13660,DTC,13,7,1155.202,4,3,2,432,Loyal Customers,5.3,0.11700000000000002,0.5,9.98
DC-12850,DTC,38,9,3336.168,3,4,3,343,Champions,3.388888888888889,0.04722222222222222,0.8333333333333334,0.41
DC-13285,DTC,24,5,1174.618,4,2,2,422,Loyal Customers,3.2857142857142856,0.16714285714285718,0.2857142857142857,36.07
DD-13570,DTC,42,6,269.542,3,2,1,321,Needs Attention,3.7777777777777777,-0.1488888888888889,0.5555555555555556,51.84
DE-13255,B2B,720,5,2550.874,1,2,3,123,Needs Attention,2.888888888888889,0.21444444444444447,0.4444444444444444,3.05
DF-13135,DTC,701,3,2390.534,1,1,3,113,At Risk,4.0,-0.17500000000000004,0.6666666666666666,71.16
DG-13300,B2B,33,5,3195.818,3,2,3,323,Loyal Customers,2.75,0.225,0.5,3.42
DH-13075,B2B,278,6,4932.872,1,2,4,124,Needs Attention,3.8260869565217392,0.1865217391304348,0.2608695652173913,1.9
DH-13675,B2B,777,4,1043.096,1,1,1,111,Hibernating,2.5454545454545454,0.17727272727272728,0.5454545454545454,76.24
DJ-13420,B2B,638,4,2012.52,1,1,2,112,At Risk,4.8,0.298,0.0,62.25
DJ-13510,B2B,49,8,2501.688,3,3,3,333,Loyal Customers,3.769230769230769,0.2823076923076923,0.3076923076923077,0.27
DJ-13630,DTC,13,3,3356.398,4,1,3,413,Loyal Customers,5.125,0.255,0.25,12.33
DK-12835,B2B,22,12,3256.48,4,4,3,443,Champions,3.7777777777777777,0.16037037037037039,0.5555555555555556,0.37
DK-12895,DTC,46,5,4282.176,3,2,4,324,Loyal Customers,5.4,0.23399999999999999,0.4,2.79
DK-12985,DTC,8,5,1687.04,4,2,2,422,Loyal Customers,4.0,0.05374999999999999,0.625,25.78
DK-13090,DTC,43,7,2650.557,3,3,3,333,Loyal Customers,3.3076923076923075,0.19,0.46153846153846156,0.34
DK-13150,B2B,11,2,797.832,4,1,1,411,Needs Attention,5.2,0.32,0.6,76.5
DK-13225,B2B,11,9,4802.394,4,4,4,444,Champions,3.6842105263157894,0.05315789473684212,0.5789473684210527,0.41
DK-13375,DTC,20,8,3318.486,4,3,3,433,Champions,3.782608695652174,0.1052173913043478,0.34782608695652173,0.27
DL-12865,DTC,101,8,1503.112,2,3,2,232,Needs Attention,5.642857142857143,0.22214285714285717,0.5714285714285714,8.77
DL-12925,DTC,58,6,3272.2,3,2,3,323,Loyal Customers,4.357142857142857,0.2814285714285715,0.07142857142857142,2.12
DL-13315,DTC,23,8,1458.258,4,3,2,432,Loyal Customers,3.0,0.09058823529411766,0.5294117647058824,12.09
DL-13330,DTC,58,4,585.02,3,1,1,311,At Risk,2.875,0.305,0.25,77.13
DL-13495,B2B,77,8,3539.322,2,3,3,233,Loyal Customers,4.5,0.27666666666666667,0.25,0.64
DM-12955,B2B,115,7,1322.034,2,3,2,232,Needs Attention,4.111111111111111,0.15888888888888889,0.7777777777777778,10.96
DM-13015,DTC,58,7,6345.103,3,3,4,334,Champions,1.9,0.044500000000000005,0.7,1.37
DM-13345,B2B,23,8,4074.472,4,3,4,434,Champions,5.3076923076923075,0.24846153846153846,0.38461538461538464,0.43
DM-13525,B2B,482,3,1376.792,1,1,2,112,At Risk,3.1,0.14500000000000002,0.6,71.81
DN-13690,DTC,218,7,2139.79,1,3,2,132,Needs Attention,4.909090909090909,0.2990909090909091,0.09090909090909091,8.89
DO-13435,DTC,134,9,1300.0315,2,4,2,242,Loyal Customers,3.230769230769231,0.16461538461538464,0.6923076923076923,6.47
DO-13645,DTC,27,7,1267.316,4,3,2,432,Loyal Customers,4.454545454545454,0.26636363636363636,0.45454545454545453,8.63
DP-13000,DTC,127,9,1050.636,2,4,1,241,Needs Attention,4.411764705882353,0.13117647058823528,0.5294117647058824,12.37
DP-13105,B2B,7,8,2215.002,4,3,2,432,Loyal Customers,4.857142857142857,0.26857142857142857,0.5714285714285714,3.64
DP-13165,DTC,813,2,1058.616,1,1,1,111,Hibernating,3.25,0.195,0.75,85.44
DP-13390,B2B,359,9,5480.723999999999,1,4,4,144,Loyal Customers,4.357142857142857,0.02357142857142856,0.5,0.41
DR-12880,B2B,4,9,6528.034000000001,4,4,4,444,Champions,3.2916666666666665,0.1825,0.5416666666666666,0.34
DR-12940,B2B,51,8,8350.868,3,3,4,334,Champions,4.923076923076923,0.03923076923076922,0.38461538461538464,0.49
DS-13030,B2B,94,4,1762.213,2,1,2,212,At Risk,3.4210526315789473,0.1705263157894737,0.5263157894736842,48.51
DS-13180,B2B,24,9,2881.8128,4,4,3,443,Champions,5.05,0.1,0.5,0.5
DV-13045,B2B,20,5,1119.483,4,2,1,421,Needs Attention,4.222222222222222,0.08555555555555555,0.6666666666666666,39.46
DV-13465,DTC,30,6,3341.587,4,2,3,423,Loyal Customers,3.8666666666666667,0.154,0.4,2.16
DW-13195,B2B,70,6,1080.751,3,2,1,321,Needs Attention,5.111111111111111,0.012222222222222214,0.7777777777777778,40.42
DW-13480,B2B,218,5,5271.628,1,2,4,124,Needs Attention,4.636363636363637,0.29545454545454547,0.18181818181818182,2.97
DW-13540,DTC,99,5,344.08,2,2,1,221,At Risk,3.6666666666666665,0.18333333333333335,0.6666666666666666,53.93
DW-13585,B2B,243,7,1204.854,1,3,2,132,Needs Attention,3.8,0.123,0.6,6.3
Dl-13600,B2B,120,5,755.602,2,2,1,221,At Risk,5.0,-0.2333333333333333,0.5,67.69
Dp-13240,B2B,85,11,7198.761,2,4,4,244,Champions,3.9655172413793105,0.09999999999999998,0.4827586206896552,0.34
EA-14035,B2B,153,13,2846.705,2,4,3,243,Loyal Customers,3.56,-0.06000000000000002,0.76,0.51
EB-13705,B2B,49,9,3644.978,3,4,3,343,Champions,3.75,0.07916666666666666,1.0,2.37
EB-13750,B2B,36,10,3236.314,3,4,3,343,Champions,4.05,0.1165,0.45,0.26
EB-13840,B2B,91,5,4358.128,2,2,4,224,Loyal Customers,5.75,0.18625,0.375,2.66
EB-13870,DTC,101,10,2767.219,2,4,3,243,Loyal Customers,5.181818181818182,-0.12545454545454546,0.8181818181818182,1.4
EB-13930,DTC,162,5,944.6,2,2,1,221,At Risk,5.142857142857143,0.11285714285714285,0.42857142857142855,61.4
EB-13975,B2B,1,4,1643.255,4,1,2,412,Needs Attention,4.0,-0.011666666666666667,1.0,46.29
EB-14110,DTC,114,6,3071.126,2,2,3,223,Needs Attention,4.818181818181818,0.11636363636363636,0.8181818181818182,2.42
EB-14170,DTC,83,6,1186.326,2,2,2,222,Needs Attention,3.2857142857142856,0.2285714285714286,0.8571428571428571,23.38
EC-14050,DTC,54,5,461.914,3,2,1,321,Needs Attention,4.428571428571429,0.19285714285714287,0.14285714285714285,59.17
ED-13885,B2B,136,8,3484.92,2,3,3,233,Loyal Customers,4.357142857142857,-0.08214285714285711,0.6428571428571429,0.57
EG-13900,DTC,23,5,1832.02,4,2,2,422,Loyal Customers,3.7777777777777777,-0.032222222222222215,0.4444444444444444,16.35
EH-13765,B2B,136,12,10310.88,2,4,4,244,Champions,4.28125,0.2940625,0.34375,0.28
EH-13945,DTC,218,8,684.1709999999999,1,3,1,131,At Risk,3.9411764705882355,-0.08588235294117648,0.7058823529411765,56.54
EH-13990,DTC,406,6,825.9499999999999,1,2,1,121,At Risk,3.75,0.2875,0.25,46.94
EH-14005,B2B,3,7,1219.53,4,3,2,432,Loyal Customers,2.4545454545454546,0.20363636363636364,0.5454545454545454,7.5
EH-14125,B2B,153,10,3082.653,2,4,3,243,Loyal Customers,4.166666666666667,0.040555555555555546,0.5,0.41
EH-14185,DTC,106,6,923.884,2,2,1,221,At Risk,4.625,-0.09875,0.75,59.12
EJ-13720,DTC,303,4,2162.174,1,1,2,112,At Risk,5.125,-0.01125000000000001,0.625,60.24
EJ-14155,DTC,58,5,2656.691,3,2,3,323,Loyal Customers,4.625,0.23125,0.25,2.66
EK-13795,B2B,45,4,1303.478,3,1,2,312,Needs Attention,3.25,0.1975,0.25,55.11
EL-13735,B2B,78,2,124.28,2,1,1,211,At Risk,4.5,0.295,0.0,85.71
EM-13810,B2B,133,5,2567.01,2,2,3,223,Needs Attention,2.0,0.15714285714285717,0.5714285714285714,4.77
EM-13825,B2B,56,8,2339.598,3,3,3,333,Loyal Customers,4.5,0.2925,0.1875,2.61
EM-13960,DTC,152,5,933.704,2,2,1,221,At Risk,3.8333333333333335,-0.13833333333333334,0.6666666666666666,55.02
EM-14065,DTC,48,4,228.99,3,1,1,311,At Risk,4.333333333333333,-0.00999999999999999,0.5,82.13
EM-14095,B2B,114,4,1041.042,2,1,1,211,At Risk,2.3,0.27799999999999997,0.5,77.76
EM-14140,B2B,49,6,4588.436000000001,3,2,4,324,Loyal Customers,3.0,0.310952380952381,0.3333333333333333,3.65
EM-14200,B2B,159,3,366.822,2,1,1,211,At Risk,5.25,0.2675,0.5,79.56
EN-13780,DTC,288,4,2199.366,1,1,2,112,At Risk,1.5555555555555556,0.24444444444444446,0.2222222222222222,51.77
EP-13915,DTC,13,17,5478.0608,4,4,4,444,Champions,4.387096774193548,0.029677419354838704,0.5161290322580645,0.41
ER-13855,B2B,422,3,1245.788,1,1,2,112,At Risk,3.0,-0.01200000000000001,0.8,83.63
ES-14020,DTC,41,5,3510.458,3,2,3,323,Loyal Customers,5.125,0.235,0.625,2.81
ES-14080,B2B,29,9,4657.924,4,4,4,444,Champions,3.8,0.016999999999999998,0.9,0.68
FA-14230,B2B,98,7,2984.054,2,3,3,233,Loyal Customers,3.5294117647058822,0.07294117647058822,0.8823529411764706,0.37
FC-14245,B2B,71,7,3418.742,3,3,3,333,Loyal Customers,3.5,0.20142857142857146,0.5,0.34
FC-14335,B2B,185,7,3889.366,1,3,4,134,Loyal Customers,3.4,0.21000000000000002,0.8,0.35
FG-14260,B2B,35,7,1383.144,3,3,2,332,Loyal Customers,4.090909090909091,0.20636363636363636,0.36363636363636365,7.82
FH-14275,B2B,38,10,4256.272,3,4,4,344,Champions,3.5714285714285716,0.23714285714285716,0.47619047619047616,0.34
FH-14350,DTC,213,4,2271.284,1,1,3,113,At Risk,4.5,0.21857142857142858,0.2857142857142857,53.43
FH-14365,B2B,6,8,6987.196,4,3,4,434,Champions,3.4615384615384617,0.14384615384615385,0.38461538461538464,0.27
FM-14215,B2B,8,10,2456.638,4,4,3,443,Champions,3.6666666666666665,0.23466666666666666,0.4,0.27
FM-14290,B2B,37,9,3736.198,3,4,3,343,Champions,2.6,-0.012500000000000002,0.4,0.79
FM-14380,DTC,146,9,2523.266,2,4,3,243,Loyal Customers,4.0,0.09142857142857144,0.5714285714285714,0.39
FO-14305,DTC,39,10,2678.438,3,4,3,343,Champions,4.266666666666667,-0.03666666666666666,0.7333333333333333,1.6
FP-14320,DTC,24,8,4046.746,4,3,4,434,Champions,4.428571428571429,0.21928571428571428,0.5,0.38
FW-14395,B2B,363,3,79.75,1,1,1,111,Hibernating,3.0,0.30333333333333334,0.0,88.48
GA-14515,DTC,150,8,3919.776,2,3,4,234,Loyal Customers,3.857142857142857,0.3092857142857143,0.2857142857142857,0.47
GA-14725,DTC,6,11,1398.382,4,4,2,442,Champions,4.590909090909091,0.02227272727272727,0.45454545454545453,15.27
GB-14530,B2B,63,11,1568.44,3,4,2,342,Loyal Customers,4.35,0.11299999999999999,0.6,7.12
GB-14575,DTC,14,5,4716.288,4,2,4,424,Champions,4.6875,0.3175,0.1875,2.97
GD-14590,B2B,6,4,1888.07,4,1,2,412,Needs Attention,2.8333333333333335,0.2833333333333333,0.5,40.35
GG-14650,B2B,44,9,2224.0,3,4,2,342,Loyal Customers,4.083333333333333,0.15875,0.5416666666666666,2.89
GH-14410,B2B,76,9,2819.467,3,4,3,343,Champions,4.294117647058823,-0.16470588235294117,0.5882352941176471,0.6
GH-14425,DTC,51,4,4172.8460000000005,3,1,4,314,Loyal Customers,4.7,0.16899999999999998,0.7,15.46
GH-14485,B2B,388,2,1361.244,1,1,2,112,At Risk,3.0,-0.5499999999999999,1.0,91.18
GH-14665,DTC,3,2,146.94080000000002,4,1,1,411,Needs Attention,4.0,0.010000000000000004,1.0,77.01
GK-14620,B2B,113,9,6497.27,2,4,4,244,Champions,3.5,0.22428571428571428,0.7142857142857143,0.37
GM-14440,DTC,84,7,3582.82,2,3,3,233,Loyal Customers,3.909090909090909,0.15727272727272726,0.5454545454545454,0.35
GM-14455,B2B,17,6,3078.624,4,2,3,423,Loyal Customers,5.333333333333333,0.1708333333333333,0.5833333333333334,2.39
GM-14500,DTC,107,10,1255.682,2,4,2,242,Loyal Customers,5.0,0.2907692307692308,0.5384615384615384,7.62
GM-14680,DTC,153,6,3163.628,2,2,3,223,Needs Attention,4.636363636363637,0.14909090909090908,0.5454545454545454,2.15
GM-14695,B2B,118,3,6049.966,2,1,4,214,Needs Attention,4.0,0.29090909090909095,0.2727272727272727,8.03
GP-14740,B2B,766,2,236.53,1,1,1,111,Hibernating,4.0,0.176,0.2,82.38
GR-14560,B2B,1136,2,1284.38,1,1,2,112,At Risk,5.8,0.426,0.0,79.75
GT-14635,B2B,57,3,9351.212,3,1,4,314,Loyal Customers,3.5,0.03500000000000001,0.8333333333333334,16.87
GT-14710,DTC,37,11,11820.12,3,4,4,344,Champions,4.551724137931035,0.28551724137931034,0.4827586206896552,0.38
GT-14755,DTC,35,4,226.436,3,1,1,311,At Risk,4.714285714285714,-0.030000000000000016,0.5714285714285714,82.25
GW-14605,DTC,29,7,2189.019,4,3,2,432,Loyal Customers,5.0,0.06777777777777778,0.4444444444444444,4.19
GZ-14470,DTC,8,9,4355.150000000001,4,4,4,444,Champions,3.357142857142857,0.2957142857142857,0.35714285714285715,0.35
GZ-14545,B2B,158,4,2454.6220000000003,2,1,3,213,Needs Attention,5.0,0.27,0.2,22.85
HA-14905,DTC,70,7,2163.3,3,3,2,332,Loyal Customers,4.1,0.006999999999999995,0.6,2.94
HA-14920,DTC,21,8,2584.158,4,3,3,433,Champions,3.6666666666666665,0.05444444444444444,0.7222222222222222,1.07
HD-14785,B2B,770,3,251.36,1,1,1,111,Hibernating,3.7142857142857144,-0.11,0.7142857142857143,83.58
HE-14800,B2B,13,4,883.5319999999999,4,1,1,411,Needs Attention,4.7272727272727275,0.33,0.09090909090909091,67.18
HF-14995,DTC,22,7,2533.164,4,3,3,433,Champions,4.526315789473684,0.1889473684210526,0.3684210526315789,0.31
HG-14845,DTC,55,5,785.628,3,2,1,321,Needs Attention,3.6,0.182,0.7,44.94
HG-14965,B2B,24,12,3247.642,4,4,3,443,Champions,4.411764705882353,-0.005294117647058825,0.35294117647058826,1.03
HG-15025,DTC,7,7,3690.284,4,3,3,433,Champions,3.090909090909091,-6.308085367188389e-18,0.5454545454545454,1.23
HH-15010,B2B,73,2,218.668,3,1,1,311,At Risk,3.3333333333333335,0.355,0.16666666666666666,84.76
HJ-14875,B2B,127,5,358.1,2,2,1,221,At Risk,2.1666666666666665,0.295,0.5,63.53
HK-14890,B2B,152,8,4877.784,2,3,4,234,Loyal Customers,4.466666666666667,-0.00933333333333333,0.7333333333333333,1.53
HL-15040,DTC,44,6,12873.298,3,2,4,324,Loyal Customers,5.2727272727272725,0.31363636363636366,0.09090909090909091,2.83
HM-14860,B2B,3,10,8236.7648,4,4,4,444,Champions,4.85,-0.0895,0.6,1.12
HM-14980,DTC,248,4,736.276,1,1,1,111,Hibernating,3.2857142857142856,0.23857142857142857,0.8571428571428571,70.27
HP-14815,B2B,31,7,1990.314,4,3,2,432,Loyal Customers,3.5,-0.178,0.6,2.85
HR-14770,B2B,14,5,1299.288,4,2,2,422,Loyal Customers,5.153846153846154,0.2353846153846154,0.23076923076923078,39.76
HR-14830,B2B,160,7,5248.787,2,3,4,234,Loyal Customers,3.7857142857142856,0.22214285714285714,0.42857142857142855,0.25
HW-14935,B2B,118,8,9300.254,2,3,4,234,Loyal Customers,3.25,0.2535,0.2,0.39
HZ-14950,DTC,36,5,886.52,3,2,1,321,Needs Attention,4.5,0.016666666666666663,0.6666666666666666,54.11
IG-15085,DTC,72,4,744.574,3,1,1,311,At Risk,5.857142857142857,0.42,0.14285714285714285,83.5
IL-15100,DTC,143,7,5040.736,2,3,4,234,Loyal Customers,4.785714285714286,0.27999999999999997,0.35714285714285715,0.43
IM-15055,DTC,410,3,2872.63,1,1,3,113,At Risk,1.5,0.38,0.5,66.96
IM-15070,DTC,391,7,4930.474,1,3,4,134,Loyal Customers,4.476190476190476,0.062380952380952384,0.5238095238095238,0.44
JA-15970,DTC,93,8,6491.026,2,3,4,234,Loyal Customers,4.333333333333333,0.09374999999999999,0.625,0.36
JB-15400,B2B,8,10,1791.605,4,4,2,442,Champions,4.0,-0.058750000000000004,0.5625,13.2
JB-15925,DTC,738,3,900.552,1,1,1,111,Hibernating,3.0,0.014999999999999993,0.875,83.43
JB-16000,DTC,44,7,644.1188,3,3,1,331,Needs Attention,4.285714285714286,0.35571428571428576,0.2857142857142857,27.3
JB-16045,B2B,8,5,2518.115,4,2,3,423,Loyal Customers,4.777777777777778,0.06777777777777778,0.4444444444444444,2.64
JC-15340,DTC,115,4,71.263,2,1,1,211,At Risk,5.0,-0.012499999999999997,0.5,80.15
JC-15385,DTC,176,1,1058.108,2,1,1,211,At Risk,7.0,0.385,0.25,79.57
JC-15775,DTC,159,9,2772.055,2,4,3,243,Loyal Customers,3.625,0.223125,0.5,0.34
JC-16105,B2B,58,5,858.576,3,2,1,321,Needs Attention,5.0,0.33444444444444443,0.2222222222222222,56.21
JD-15790,DTC,118,5,2152.352,2,2,2,222,Needs Attention,4.857142857142857,0.17857142857142858,0.8571428571428571,13.05
JD-15895,B2B,395,11,7610.864,1,4,4,144,Loyal Customers,3.8125,0.25125,0.21875,0.39
JD-16015,DTC,113,6,385.43,2,2,1,221,At Risk,3.8181818181818183,-0.15727272727272726,0.8181818181818182,63.7
JD-16060,DTC,301,3,695.442,1,1,1,111,Hibernating,1.8333333333333333,0.22166666666666668,0.16666666666666666,82.27
JD-16150,B2B,42,8,8828.0305,3,3,4,334,Champions,3.8823529411764706,0.17882352941176471,0.23529411764705882,0.39
JE-15475,DTC,194,6,1388.682,1,2,2,122,At Risk,5.153846153846154,-0.019230769230769232,0.46153846153846156,42.14
JE-15610,B2B,49,7,7754.976,3,3,4,334,Champions,2.4,0.1295,0.55,0.53
JE-15715,DTC,47,10,8697.842999999999,3,4,4,344,Champions,3.9545454545454546,-0.17272727272727273,0.8181818181818182,0.48
JE-15745,DTC,52,13,6760.8150000000005,3,4,4,344,Champions,3.608695652173913,-0.009999999999999986,0.43478260869565216,0.63
JE-16165,B2B,21,3,2697.248,4,1,3,413,Loyal Customers,3.5714285714285716,0.3157142857142857,0.14285714285714285,21.83
JF-15190,DTC,66,7,2279.586,3,3,3,333,Loyal Customers,4.7368421052631575,0.22526315789473686,0.42105263157894735,2.16
JF-15295,DTC,226,5,955.124,1,2,1,121,At Risk,4.5,0.2207142857142857,0.5714285714285714,57.71
JF-15355,DTC,106,6,1911.844,2,2,2,222,Needs Attention,3.125,0.3325,0.375,13.73
JF-15415,DTC,3,6,2371.448,4,2,3,423,Loyal Customers,2.7142857142857144,0.29857142857142854,0.35714285714285715,5.19
JF-15490,DTC,122,11,1082.918,2,4,1,241,Needs Attention,3.8666666666666667,0.13133333333333333,0.5333333333333333,13.25
JF-15565,DTC,55,8,4198.332,3,3,4,334,Champions,3.625,0.161875,0.6875,0.35
JG-15115,DTC,759,3,2358.676,1,1,3,113,At Risk,2.857142857142857,0.044285714285714275,0.8571428571428571,57.9
JG-15160,DTC,2,11,6366.392,4,4,4,444,Champions,3.3333333333333335,0.1938888888888889,0.4444444444444444,0.25
JG-15310,B2B,3,6,2240.58,4,2,2,422,Loyal Customers,2.909090909090909,-0.16272727272727272,0.7272727272727273,9.78
JG-15805,B2B,224,6,1507.018,1,2,2,122,At Risk,4.0,0.2411111111111111,0.3333333333333333,26.04
JH-15430,DTC,6,4,309.281,4,1,1,411,Needs Attention,3.7142857142857144,0.04285714285714287,1.0,68.81
JH-15820,DTC,175,6,528.91,2,2,1,221,At Risk,3.375,0.1875,0.625,46.01
JH-15910,DTC,42,7,959.477,3,3,1,331,Needs Attention,4.222222222222222,0.14555555555555555,0.5555555555555556,15.33
JH-15985,DTC,30,6,7954.998,4,2,4,424,Champions,4.571428571428571,0.26999999999999996,0.35714285714285715,1.75
JH-16180,DTC,405,4,2256.394,1,1,2,112,At Risk,3.8,-0.06599999999999999,0.8,59.98
JJ-15445,DTC,484,5,709.178,1,2,1,121,At Risk,4.833333333333333,0.33666666666666667,0.3333333333333333,63.42
JJ-15760,B2B,754,2,195.0,1,1,1,111,Hibernating,3.3333333333333335,0.2366666666666667,0.3333333333333333,81.64
JK-15205,DTC,62,5,4427.142,3,2,4,324,Loyal Customers,5.461538461538462,0.15615384615384614,0.46153846153846156,2.97
JK-15325,B2B,288,3,383.812,1,1,1,111,Hibernating,4.5,0.2975,0.5,82.35
JK-15370,DTC,45,8,2709.632,3,3,3,333,Loyal Customers,2.411764705882353,0.19,0.5882352941176471,0.55
JK-15625,DTC,62,7,3760.028,3,3,3,333,Loyal Customers,3.9166666666666665,0.1991666666666667,0.5833333333333334,0.35
JK-15640,B2B,181,9,4760.434,2,4,4,244,Champions,2.3333333333333335,0.31916666666666665,0.5,0.51
JK-15730,DTC,85,10,4867.2,2,4,4,244,Champions,3.65,-0.2745,0.75,1.6
JK-16090,DTC,29,3,3747.668,4,1,3,413,Loyal Customers,6.222222222222222,-0.08888888888888888,0.4444444444444444,20.57
JK-16120,B2B,118,10,2932.484,2,4,3,243,Loyal Customers,4.705882352941177,0.044705882352941165,0.7058823529411765,0.57
JL-15130,DTC,9,6,1214.956,4,2,2,422,Loyal Customers,4.666666666666667,-0.01333333333333333,1.0,27.4
JL-15175,B2B,7,5,1571.523,4,2,2,422,Loyal Customers,4.857142857142857,0.1942857142857143,0.8571428571428571,31.15
JL-15235,DTC,120,5,2203.7,2,2,2,222,Needs Attention,4.6,-0.10800000000000001,0.6,8.32
JL-15505,DTC,50,6,3173.874,3,2,3,323,Loyal Customers,4.352941176470588,0.28941176470588237,0.35294117647058826,1.79
JL-15835,DTC,22,11,9799.923,4,4,4,444,Champions,3.588235294117647,0.24294117647058822,0.35294117647058826,0.27
JL-15850,DTC,615,6,2725.256,1,2,3,123,Needs Attention,4.2727272727272725,0.08454545454545455,0.6363636363636364,2.1
JM-15250,DTC,38,6,3159.1220000000003,3,2,3,323,Loyal Customers,3.8947368421052633,-0.23421052631578942,0.8421052631578947,1.88
JM-15265,B2B,38,5,1804.146,3,2,2,322,Needs Attention,4.461538461538462,0.062307692307692314,0.3076923076923077,33.84
JM-15535,DTC,103,7,1733.443,2,3,2,232,Needs Attention,4.2,0.265,0.3,7.64
JM-15580,DTC,1,5,303.948,4,2,1,421,Needs Attention,4.0,0.31285714285714283,0.5714285714285714,54.51
JM-15655,B2B,9,5,864.947,4,2,1,421,Needs Attention,3.5,0.13916666666666666,0.5833333333333334,43.97
JM-15865,DTC,110,7,7625.076000000001,2,3,4,234,Loyal Customers,3.923076923076923,-0.01384615384615383,0.6153846153846154,0.73
JM-16195,DTC,58,10,2833.9260000000004,3,4,3,343,Champions,2.9473684210526314,0.31421052631578944,0.3157894736842105,0.5
JO-15145,B2B,58,9,3254.949,3,4,3,343,Champions,3.3076923076923075,0.2276923076923077,0.3076923076923077,0.27
JO-15280,DTC,93,6,1934.272,2,2,2,222,Needs Attention,4.2727272727272725,0.16272727272727272,0.6363636363636364,10.19
JO-15550,B2B,216,5,1090.838,1,2,1,121,At Risk,3.5454545454545454,0.07999999999999999,0.7272727272727273,57.0
JP-15460,B2B,38,7,1669.135,3,3,2,332,Loyal Customers,3.933333333333333,0.20133333333333334,0.4666666666666667,6.87
JP-15520,DTC,9,7,3635.594,4,3,3,433,Champions,3.5625,0.26937500000000003,0.25,0.39
JP-16135,B2B,103,9,1707.71,2,4,2,242,Loyal Customers,4.0,0.18846153846153849,0.5384615384615384,5.8
JR-15670,DTC,594,2,1156.658,1,1,2,112,At Risk,5.0,-0.4066666666666667,0.6666666666666666,86.94
JR-15700,DTC,69,1,863.88,3,1,1,311,At Risk,4.0,0.12,1.0,87.17
JR-16210,B2B,34,5,2201.686,3,2,2,322,Needs Attention,4.9,-0.007000000000000001,0.6,8.39
JS-15595,B2B,120,4,1417.654,2,1,2,212,At Risk,4.875,-0.335,1.0,84.41
JS-15685,B2B,43,4,1131.064,3,1,1,311,At Risk,5.545454545454546,0.06545454545454545,0.7272727272727273,82.51
JS-15880,DTC,535,5,3868.02,1,2,4,124,Needs Attention,3.0,0.15666666666666665,0.5555555555555556,3.8
JS-15940,B2B,464,5,469.169,1,2,1,121,At Risk,3.5,-0.205,0.875,59.8
JS-16030,DTC,29,6,2516.494,4,2,3,423,Loyal Customers,5.055555555555555,0.001666666666666665,0.5,2.36
JW-15220,B2B,43,6,7721.714,3,2,4,324,Loyal Customers,4.714285714285714,0.26357142857142857,0.35714285714285715,1.87
JW-15955,DTC,6,7,1244.086,4,3,2,432,Loyal Customers,4.0,0.17181818181818181,0.2727272727272727,6.36
JW-16075,DTC,462,4,1428.731,1,1,2,112,At Risk,5.428571428571429,-0.20285714285714285,0.8571428571428571,72.77
KA-16525,DTC,37,7,1519.506,3,3,2,332,Loyal Customers,4.909090909090909,0.24909090909090906,0.2727272727272727,7.62
KB-16240,B2B,5,7,3152.615,4,3,3,433,Champions,4.7,0.124,0.5,0.47
KB-16315,DTC,297,9,1569.464,1,4,2,142,Needs Attention,5.136363636363637,0.11272727272727273,0.5909090909090909,6.62
KB-16405,B2B,118,3,908.821,2,1,1,211,At Risk,3.2222222222222223,0.31222222222222223,0.1111111111111111,77.6
KB-16585,B2B,231,12,2744.742,1,4,3,143,Loyal Customers,4.391304347826087,0.22739130434782612,0.43478260869565216,0.28
KB-16600,B2B,2,7,983.922,4,3,1,431,Loyal Customers,3.4444444444444446,-0.20777777777777778,0.4444444444444444,31.76
KC-16255,B2B,408,6,2120.954,1,2,2,122,At Risk,2.8,0.359,0.1,48.78
KC-16540,DTC,98,4,3908.262,2,1,4,214,Needs Attention,4.2,-0.13799999999999998,0.4,15.71
KC-16675,B2B,58,4,1146.05,3,1,1,311,At Risk,4.0,0.22999999999999998,0.42857142857142855,65.29
KD-16270,DTC,485,5,8282.358,1,2,4,124,Needs Attention,3.75,0.00562499999999999,0.5,2.75
KD-16345,DTC,42,6,1888.964,3,2,2,322,Needs Attention,3.3,0.23900000000000002,0.6,8.79
KD-16495,B2B,113,12,8181.256,2,4,4,244,Champions,4.214285714285714,0.24464285714285716,0.2857142857142857,0.41
KD-16615,B2B,290,5,2243.51,1,2,2,122,At Risk,3.6153846153846154,0.29538461538461536,0.5384615384615384,15.29
KE-16420,B2B,27,8,1686.7312,4,3,2,432,Loyal Customers,4.0,0.076,0.6666666666666666,5.73
KF-16285,B2B,98,7,10604.266,2,3,4,234,Loyal Customers,3.6666666666666665,0.32555555555555554,0.16666666666666666,0.44
KH-16330,B2B,41,8,3312.864,3,3,3,333,Loyal Customers,4.111111111111111,0.18777777777777777,0.5,0.35
KH-16360,DTC,2,6,3100.612,4,2,3,423,Loyal Customers,3.4285714285714284,0.12285714285714286,0.5,2.64
KH-16510,DTC,23,7,5952.859,4,3,4,434,Champions,4.304347826086956,0.17217391304347826,0.34782608695652173,0.28
KH-16630,B2B,59,9,3918.966,3,4,4,344,Champions,4.0588235294117645,0.26294117647058823,0.5294117647058824,0.35
KH-16690,B2B,3,7,5990.799,4,3,4,434,Champions,4.666666666666667,0.19933333333333333,0.4666666666666667,0.47
KL-16555,B2B,17,8,5016.488,4,4,4,444,Champions,3.6363636363636362,-0.16636363636363638,0.8636363636363636,0.48
KL-16645,DTC,48,12,14175.229,3,4,4,344,Champions,4.482758620689655,-0.03241379310344826,0.5172413793103449,0.87
KM-16225,B2B,15,6,2260.958,4,2,3,423,Loyal Customers,4.631578947368421,0.3436842105263158,0.10526315789473684,8.1
KM-16375,B2B,57,8,5620.186,3,4,4,344,Champions,5.6,0.1635,0.5,0.5
KM-16660,DTC,16,5,453.538,4,2,1,421,Needs Attention,4.666666666666667,0.3011111111111111,0.2222222222222222,52.47
KM-16720,DTC,29,8,4909.472,4,4,4,444,Champions,5.428571428571429,0.24392857142857144,0.42857142857142855,0.41
KN-16390,B2B,20,9,2617.272,4,4,3,443,Champions,4.0,0.028235294117647063,0.6470588235294118,0.45
KN-16450,B2B,53,5,2171.962,3,2,2,322,Needs Attention,4.5,-0.23750000000000002,0.625,13.05
KN-16705,B2B,99,8,2280.58,2,4,3,243,Loyal Customers,5.4,0.12666666666666668,0.4,2.8
KS-16300,B2B,296,3,88.472,1,1,1,111,Hibernating,4.5,-0.025000000000000022,0.75,89.71
KT-16465,DTC,392,7,3057.1,1,3,3,133,Needs Attention,5.428571428571429,0.10357142857142856,0.8571428571428571,0.78
KT-16480,DTC,101,10,4642.088400000001,2,4,4,244,Champions,4.230769230769231,0.18615384615384614,0.5384615384615384,0.35
KW-16435,DTC,97,5,4416.52,2,2,4,224,Loyal Customers,4.4,0.118,0.2,2.15
KW-16570,DTC,772,4,449.096,1,1,1,111,Hibernating,2.2,0.28400000000000003,0.2,81.28
LA-16780,B2B,155,11,8673.222,2,4,4,244,Champions,3.5384615384615383,0.2269230769230769,0.4230769230769231,0.27
LB-16735,DTC,49,3,50.188,3,1,1,311,At Risk,2.6666666666666665,0.043333333333333335,0.6666666666666666,83.4
LB-16795,B2B,153,8,4985.676,2,4,4,244,Champions,2.3333333333333335,-0.04624999999999999,0.5,0.78
LC-16870,DTC,28,8,2580.704,4,4,3,443,Champions,3.433333333333333,-0.13900000000000004,0.7,0.51
LC-16885,DTC,17,12,7663.126,4,4,4,444,Champions,4.6521739130434785,0.12782608695652173,0.5652173913043478,0.48
LC-16930,B2B,42,8,4492.946,3,4,4,344,Champions,3.5714285714285716,0.24,0.7857142857142857,0.35
LC-16960,B2B,437,4,3246.626,1,1,3,113,At Risk,4.714285714285714,-0.06142857142857142,0.7142857142857143,41.8
LC-17050,DTC,55,5,2095.064,3,2,2,322,Needs Attention,4.333333333333333,-0.08555555555555555,0.5555555555555556,14.05
LC-17140,DTC,14,9,2633.582,4,4,3,443,Champions,3.736842105263158,-0.000526315789473708,0.5789473684210527,0.46
LD-16855,B2B,553,1,5.304,1,1,1,111,Hibernating,4.0,0.09,1.0,88.16
LD-17005,DTC,415,4,1961.934,1,1,2,112,At Risk,4.285714285714286,0.37142857142857144,0.14285714285714285,65.69
LE-16810,DTC,22,6,1469.45,4,2,2,422,Loyal Customers,3.7777777777777777,-0.2922222222222222,0.5555555555555556,28.7
LF-17185,DTC,23,7,3930.509,4,3,4,434,Champions,2.375,-0.37,0.5625,2.43
LH-16750,DTC,152,3,287.426,2,1,1,211,At Risk,3.3333333333333335,-0.21,1.0,87.29
LH-16900,DTC,22,9,2295.332,4,4,3,443,Champions,4.133333333333334,0.16666666666666666,0.4666666666666667,1.45
LH-17020,DTC,240,4,318.239,1,1,1,111,Hibernating,2.3333333333333335,-0.5816666666666667,0.8333333333333334,84.89
LH-17155,DTC,386,9,1739.689,1,4,2,142,Needs Attention,3.1052631578947367,0.2636842105263158,0.3684210526315789,9.86
LL-16840,DTC,250,6,2741.204,1,2,3,123,Needs Attention,2.75,0.35083333333333333,0.08333333333333333,12.85
LM-17065,DTC,392,5,1346.774,1,2,2,122,At Risk,4.428571428571429,0.16714285714285712,0.2857142857142857,43.56
LO-17170,B2B,3,5,644.35,4,2,1,421,Needs Attention,3.3333333333333335,-0.0711111111111111,0.4444444444444444,52.25
LP-17080,DTC,41,4,756.606,3,1,1,311,At Risk,2.888888888888889,0.3133333333333333,0.5555555555555556,75.73
LP-17095,DTC,10,7,3653.399,4,3,3,433,Champions,5.4,0.062000000000000006,0.6666666666666666,0.57
LR-16915,DTC,27,6,5142.892,4,2,4,424,Champions,4.25,0.0975,0.625,2.12
LR-17035,B2B,133,5,1879.306,2,2,2,222,Needs Attention,5.25,-0.20166666666666666,0.5833333333333334,12.76
LS-16945,B2B,179,6,2845.27,2,2,3,223,Needs Attention,5.142857142857143,-0.21142857142857144,0.7857142857142857,2.98
LS-16975,B2B,21,9,2988.674,4,4,3,443,Champions,4.545454545454546,-0.18,0.7272727272727273,1.29
LS-17200,B2B,97,6,1010.256,2,2,1,221,At Risk,3.2857142857142856,0.032142857142857126,0.5714285714285714,46.48
LS-17230,DTC,778,3,368.88000000000005,1,1,1,111,Hibernating,4.0,0.3083333333333333,0.5,79.5
LS-17245,DTC,35,6,1008.136,3,2,1,321,Needs Attention,1.3333333333333333,0.3575,0.4166666666666667,43.24
LT-16765,DTC,27,3,329.876,4,1,1,411,Needs Attention,3.6666666666666665,0.2333333333333333,0.6666666666666666,76.24
LT-17110,DTC,35,8,2936.252,3,4,3,343,Champions,3.9285714285714284,-0.04928571428571429,0.6428571428571429,0.76
LW-16825,B2B,89,5,2238.061,2,2,2,222,Needs Attention,4.066666666666666,0.009999999999999998,0.6,8.2
LW-16990,B2B,34,6,3230.308,3,2,3,323,Loyal Customers,4.545454545454546,0.25909090909090904,0.5454545454545454,2.06
LW-17125,DTC,206,3,1259.04,1,1,2,112,At Risk,3.4,0.246,0.0,70.32
LW-17215,DTC,22,7,5420.514,4,3,4,434,Champions,3.6,0.11000000000000001,0.4666666666666667,0.34
MA-17560,B2B,65,11,4299.161,3,4,4,344,Champions,3.0,0.30294117647058827,0.3235294117647059,1.14
MA-17995,B2B,187,6,2453.284,1,2,3,123,Needs Attention,4.333333333333333,0.31416666666666665,0.16666666666666666,1.57
MB-17305,DTC,49,10,1548.702,3,4,2,342,Loyal Customers,3.1578947368421053,0.15789473684210525,0.6842105263157895,6.39
MB-18085,DTC,45,7,1428.231,3,3,2,332,Loyal Customers,3.3,0.121,0.7,8.67
MC-17275,DTC,77,8,2725.982,2,4,3,243,Loyal Customers,3.923076923076923,0.13,0.38461538461538464,0.52
MC-17425,B2B,400,5,4432.138,1,2,4,124,Needs Attention,3.8,0.306,0.4,3.71
MC-17575,DTC,28,8,1303.893,4,4,2,442,Champions,4.545454545454546,-0.18272727272727274,0.6363636363636364,12.39
MC-17590,B2B,52,6,2426.067,3,3,3,333,Loyal Customers,4.117647058823529,0.13,0.5882352941176471,2.15
MC-17605,B2B,113,8,2258.192,2,4,3,243,Loyal Customers,2.888888888888889,0.09388888888888888,0.8333333333333334,2.88
MC-17635,B2B,190,4,795.154,1,1,1,111,Hibernating,5.0,0.035,0.5,75.99
MC-17845,DTC,2,7,3805.714,4,3,4,434,Champions,4.0,0.26785714285714285,0.35714285714285715,0.28
MC-18100,DTC,42,10,2218.98,3,4,2,342,Loyal Customers,3.6315789473684212,-0.16105263157894736,0.7894736842105263,4.88
MC-18130,B2B,370,5,1581.9979999999998,1,2,2,122,At Risk,4.7272727272727275,0.2409090909090909,0.2727272727272727,33.2
MD-17350,DTC,118,7,3766.382,2,3,3,233,Loyal Customers,5.117647058823529,-0.16647058823529412,0.8235294117647058,1.37
MD-17860,B2B,37,5,1204.91,3,2,2,322,Needs Attention,3.75,-0.10875000000000001,0.625,35.96
ME-17320,B2B,43,10,10663.728,3,4,4,344,Champions,4.409090909090909,0.01636363636363636,0.36363636363636365,0.37
ME-17725,DTC,29,8,1908.4532,4,4,2,442,Champions,3.076923076923077,-0.10461538461538461,0.6153846153846154,3.6
ME-18010,B2B,93,4,1256.944,2,1,2,212,At Risk,4.166666666666667,0.16333333333333333,0.8333333333333334,75.05
MF-17665,B2B,422,5,937.039,1,2,1,121,At Risk,4.5,0.1825,0.375,59.4
MF-18250,B2B,8,5,1758.3,4,2,2,422,Loyal Customers,5.666666666666667,0.2916666666666667,0.3333333333333333,30.38
MG-17650,B2B,30,7,3785.276,4,3,3,433,Champions,4.5,0.17642857142857143,0.5714285714285714,0.39
MG-17680,B2B,93,4,2350.188,2,1,3,213,Needs Attention,1.6,0.04999999999999999,0.9,41.94
MG-17695,DTC,556,3,1342.282,1,1,2,112,At Risk,5.0,-0.2871428571428571,0.8571428571428571,87.73
MG-17875,B2B,117,5,1242.833,2,2,2,222,Needs Attention,3.857142857142857,-0.15142857142857144,0.5714285714285714,37.18
MG-17890,B2B,100,9,776.384,2,4,1,241,Needs Attention,4.3076923076923075,0.15153846153846154,0.38461538461538464,16.88
MG-18145,DTC,85,4,3061.543,2,1,3,213,Needs Attention,4.0,0.008749999999999994,0.875,19.07
MG-18205,B2B,265,1,16.739,1,1,1,111,Hibernating,4.0,-0.27499999999999997,1.0,87.01
MH-17290,B2B,120,6,2394.025,2,3,3,233,Loyal Customers,3.3076923076923075,0.11153846153846153,0.5384615384615384,3.81
MH-17440,B2B,377,4,400.016,1,1,1,111,Hibernating,4.555555555555555,0.3522222222222222,0.3333333333333333,80.07
MH-17455,DTC,86,8,2456.182,2,4,3,243,Loyal Customers,3.1818181818181817,0.18454545454545454,0.7272727272727273,0.37
MH-17620,B2B,156,4,1252.8,2,1,2,212,At Risk,3.6666666666666665,-0.046666666666666634,0.6666666666666666,68.22
MH-17785,B2B,99,7,2203.778,2,3,2,232,Needs Attention,3.272727272727273,0.2427272727272727,0.36363636363636365,3.12
MH-18025,DTC,50,5,2984.948,3,2,3,323,Loyal Customers,2.1,0.047,0.3,4.8
MH-18115,B2B,6,9,5503.093,4,4,4,444,Champions,4.909090909090909,0.1159090909090909,0.5,0.5
MJ-17740,DTC,23,7,6320.746,4,3,4,434,Champions,4.266666666666667,0.12399999999999999,0.6666666666666666,1.36
MK-17905,B2B,29,8,2302.368,4,4,3,443,Champions,3.7058823529411766,-0.17352941176470588,0.7058823529411765,2.72
MK-18160,DTC,241,4,1031.602,1,1,1,111,Hibernating,4.909090909090909,0.23999999999999996,0.18181818181818182,75.57
ML-17395,B2B,70,9,2722.843,3,4,3,343,Champions,5.1,0.1125,0.4,0.43
ML-17410,DTC,55,6,2921.5,3,3,3,333,Loyal Customers,4.533333333333333,0.14400000000000002,0.5333333333333333,2.02
ML-17755,B2B,30,7,2071.914,4,3,2,432,Loyal Customers,5.076923076923077,0.26153846153846155,0.5384615384615384,4.51
ML-18040,B2B,80,3,742.082,2,1,1,211,At Risk,5.75,-0.145,0.5,78.52
ML-18265,DTC,101,2,162.232,2,1,1,211,At Risk,1.3333333333333333,0.21666666666666667,0.3333333333333333,84.49
MM-17260,DTC,169,4,1314.023,2,1,2,212,At Risk,4.833333333333333,0.22333333333333336,0.5,68.74
MM-17920,DTC,8,11,3794.08,4,4,4,444,Champions,4.375,-0.017499999999999988,0.5,0.81
MM-18055,DTC,62,8,2749.881,3,4,3,343,Champions,4.631578947368421,0.010000000000000009,0.5263157894736842,0.56
MM-18280,B2B,86,9,775.414,2,4,1,241,Needs Attention,4.083333333333333,0.17916666666666667,0.5,20.57
MN-17935,DTC,35,6,2477.946,3,3,3,333,Loyal Customers,3.5,-0.123,0.7,2.03
MO-17500,DTC,73,4,922.487,3,1,1,311,At Risk,2.4,0.07999999999999999,0.8,81.79
MO-17800,B2B,105,8,1687.0269999999998,2,4,2,242,Loyal Customers,4.2727272727272725,0.06636363636363636,0.45454545454545453,8.91
MO-17950,DTC,181,2,154.288,2,1,1,211,At Risk,5.25,-0.645,1.0,95.49
MP-17470,B2B,720,7,3206.132,1,3,3,133,Needs Attention,3.0,0.2621428571428571,0.5714285714285714,1.16
MP-17965,B2B,73,9,3983.642,3,4,4,344,Champions,4.05,-0.1305,0.65,0.57
MP-18175,B2B,17,9,5087.92,4,4,4,444,Champions,3.789473684210526,0.12368421052631577,0.47368421052631576,0.34
MR-17545,B2B,126,4,639.178,2,1,1,211,At Risk,3.3333333333333335,-0.003333333333333327,0.5,67.6
MS-17365,DTC,274,10,7443.69,1,4,4,144,Loyal Customers,4.541666666666667,0.07333333333333333,0.4166666666666667,0.31
MS-17530,DTC,435,4,475.656,1,1,1,111,Hibernating,3.0,0.09,0.2857142857142857,75.24
MS-17710,DTC,414,6,1613.402,1,3,2,132,Needs Attention,3.2,0.106,0.6666666666666666,21.53
MS-17770,DTC,122,9,3144.678,2,4,3,243,Loyal Customers,5.157894736842105,0.19999999999999998,0.3684210526315789,0.43
MS-17830,DTC,453,4,370.348,1,1,1,111,Hibernating,4.2,0.20800000000000002,0.8,81.76
MS-17980,B2B,27,6,855.116,4,3,1,431,Loyal Customers,4.363636363636363,0.2209090909090909,0.8181818181818182,32.54
MT-17815,DTC,50,6,2890.139,3,3,3,333,Loyal Customers,4.4,0.16399999999999998,0.4,2.08
MT-18070,B2B,204,4,1319.4498,1,1,2,112,At Risk,4.454545454545454,-0.10181818181818182,0.5454545454545454,74.25
MV-17485,DTC,28,9,1560.05,4,4,2,442,Champions,4.066666666666666,-0.026666666666666672,0.5333333333333333,6.91
MV-18190,DTC,20,7,1734.574,4,3,2,432,Loyal Customers,3.5454545454545454,0.2890909090909091,0.36363636363636365,6.61
MW-18220,DTC,18,7,5341.900000000001,4,3,4,434,Champions,3.2857142857142856,0.195,0.35714285714285715,0.27
MW-18235,B2B,45,2,5253.876,3,1,4,314,Loyal Customers,2.6666666666666665,0.2866666666666667,0.3333333333333333,8.33
MY-17380,B2B,30,7,2254.285,4,3,2,432,Loyal Customers,5.230769230769231,-0.03846153846153848,0.7692307692307693,6.26
MY-18295,B2B,72,11,4152.696,3,4,4,344,Champions,4.095238095238095,-0.0009523809523809532,0.7142857142857143,0.47
MZ-17335,B2B,31,4,593.606,4,1,1,411,Needs Attention,3.1666666666666665,0.24,0.3333333333333333,72.58
MZ-17515,B2B,283,6,2564.906,1,3,3,133,Needs Attention,3.9,-0.221,0.6,1.88
NB-18580,B2B,1166,2,273.872,1,1,1,111,Hibernating,4.5,0.09,0.5,85.92
NB-18655,B2B,20,9,1972.599,4,4,2,442,Champions,2.9411764705882355,0.15058823529411766,0.5882352941176471,2.96
NC-18340,DTC,225,5,2461.404,1,2,3,123,Needs Attention,1.5294117647058822,0.29470588235294115,0.17647058823529413,7.14
NC-18415,DTC,42,6,2218.99,3,3,2,332,Loyal Customers,4.642857142857143,-0.0064285714285714345,0.8571428571428571,9.1
NC-18535,B2B,7,7,8241.739,4,3,4,434,Champions,3.6666666666666665,0.22066666666666668,0.4666666666666667,0.34
NC-18625,B2B,205,5,1821.742,1,2,2,122,At Risk,4.111111111111111,0.06222222222222223,0.7777777777777778,33.67
ND-18370,DTC,28,9,4326.139,4,4,4,444,Champions,3.888888888888889,-0.05833333333333332,0.5555555555555556,0.48
ND-18460,B2B,184,6,2893.455,2,3,3,233,Loyal Customers,3.5,0.2125,0.25,2.11
NF-18385,DTC,80,7,8322.826,2,3,4,234,Loyal Customers,3.357142857142857,-0.06785714285714285,0.7142857142857143,0.5
NF-18475,B2B,526,4,377.162,1,1,1,111,Hibernating,4.0,-0.25749999999999995,0.5,80.08
NF-18595,B2B,115,7,2031.472,2,3,2,232,Needs Attention,3.75,0.27166666666666667,0.5833333333333334,2.78
NG-18355,B2B,49,5,1869.58,3,2,2,322,Needs Attention,3.4375,0.27,0.375,11.84
NG-18430,DTC,49,5,1395.938,3,2,2,322,Needs Attention,4.333333333333333,0.28555555555555556,0.5555555555555556,41.95
NH-18610,B2B,190,7,2673.29,1,3,3,133,Needs Attention,5.0,0.30727272727272725,0.2727272727272727,0.84
NK-18490,B2B,71,7,572.048,3,3,1,331,Needs Attention,3.6363636363636362,0.29090909090909095,0.6363636363636364,25.59
NL-18310,B2B,59,4,1418.09,3,1,2,312,Needs Attention,2.8,0.281,0.3,47.43
NM-18445,B2B,161,7,6459.344,2,3,4,234,Loyal Customers,4.0,0.3257142857142857,0.14285714285714285,0.43
NM-18520,DTC,245,10,2161.979,1,4,2,142,Needs Attention,3.6,3.7007434154171884e-18,0.5333333333333333,3.85
NP-18325,DTC,26,6,5529.62,4,3,4,434,Champions,3.0476190476190474,0.2480952380952381,0.23809523809523808,2.83
NP-18670,DTC,59,5,3908.402,3,2,4,324,Loyal Customers,3.6,0.27599999999999997,0.1,3.4
NP-18685,B2B,407,6,1228.698,1,3,2,132,Needs Attention,3.7142857142857144,0.18857142857142858,0.5714285714285714,24.06
NP-18700,DTC,139,7,7903.1825,2,3,4,234,Loyal Customers,4.153846153846154,-0.01153846153846154,0.6153846153846154,1.5
NR-18550,DTC,211,5,2367.277,1,2,3,123,Needs Attention,5.6923076923076925,-0.01692307692307693,0.7692307692307693,9.15
NS-18505,DTC,7,4,2575.863,4,1,3,413,Loyal Customers,2.6,0.13399999999999998,0.9333333333333333,19.1
NS-18640,B2B,175,13,2964.823,2,4,3,243,Loyal Customers,3.6923076923076925,0.024230769230769226,0.7307692307692307,0.46
NW-18400,DTC,173,7,7234.014,2,3,4,234,Loyal Customers,4.863636363636363,-0.004090909090909095,0.5909090909090909,1.06
NZ-18565,B2B,86,9,2488.31,2,4,3,243,Loyal Customers,3.9,0.1535,0.55,0.37
ON-18715,B2B,411,9,1567.52,1,4,2,142,Needs Attention,4.066666666666666,0.132,0.5333333333333333,5.56
OT-18730,DTC,66,5,3818.624,3,2,4,324,Loyal Customers,4.0,0.086,0.4,2.81
PA-19060,B2B,104,6,729.408,2,3,1,231,Needs Attention,4.142857142857143,0.20714285714285713,0.5714285714285714,41.45
PB-18805,B2B,26,3,740.356,4,1,1,411,Needs Attention,3.3,0.302,0.6,72.81
PB-19105,DTC,58,4,688.324,3,1,1,311,At Risk,4.8,0.254,0.6,72.08
PB-19150,DTC,98,8,1456.95,2,4,2,242,Loyal Customers,4.636363636363637,0.2427272727272727,0.6363636363636364,9.54
PB-19210,B2B,689,2,132.738,1,1,1,111,Hibernating,3.5,0.17500000000000002,0.5,83.5
PC-18745,B2B,3,4,1832.064,4,1,2,412,Needs Attention,3.2,0.048,0.6,41.56
PC-19000,B2B,883,2,1061.488,1,1,1,111,Hibernating,5.666666666666667,0.026666666666666672,0.6666666666666666,84.33
PF-19120,DTC,836,4,9062.864,1,1,4,114,Needs Attention,5.2631578947368425,0.05421052631578947,0.42105263157894735,10.76
PF-19165,DTC,197,6,2770.0,1,3,3,133,Needs Attention,4.1,0.22599999999999998,0.1,2.37
PF-19225,DTC,115,5,2206.128,2,2,2,222,Needs Attention,3.7,0.277,0.3,9.8
PG-18820,DTC,37,13,3086.907,3,4,3,343,Champions,4.0,0.007307692307692297,0.4230769230769231,0.34
PG-18895,DTC,58,9,1987.164,3,4,2,342,Loyal Customers,4.705882352941177,0.19647058823529412,0.35294117647058826,4.28
PH-18790,B2B,71,1,729.648,3,1,1,311,At Risk,5.0,0.08499999999999999,1.0,91.91
PJ-18835,B2B,40,8,1220.09,3,4,2,342,Loyal Customers,4.153846153846154,0.31846153846153846,0.38461538461538464,6.14
PJ-19015,DTC,135,7,1824.234,2,3,2,232,Needs Attention,1.8,0.258,0.4,4.7
PK-18910,B2B,484,2,1441.152,1,1,2,112,At Risk,3.0,-0.12000000000000004,0.6666666666666666,78.77
PK-19075,DTC,10,12,8646.934,4,4,4,444,Champions,4.24,0.30519999999999997,0.36,0.36
PL-18925,B2B,16,5,239.481,4,2,1,421,Needs Attention,5.75,-0.011250000000000003,0.625,55.33
PM-18940,DTC,387,3,1405.402,1,1,2,112,At Risk,3.5,0.1075,0.5,70.37
PM-19135,B2B,52,4,4115.662,3,1,4,314,Loyal Customers,4.571428571428571,0.22,0.5714285714285714,11.1
PN-18775,B2B,31,8,1467.152,4,4,2,442,Champions,3.230769230769231,0.21615384615384617,0.6153846153846154,7.53
PO-18850,DTC,5,11,7473.8282,4,4,4,444,Champions,3.8181818181818183,0.11272727272727273,0.8181818181818182,0.35
PO-18865,DTC,1,7,2493.214,4,3,3,433,Champions,3.923076923076923,0.2646153846153846,0.23076923076923078,0.64
PO-19180,B2B,161,9,4893.043,2,4,4,244,Champions,3.5,0.19555555555555557,0.3333333333333333,0.27
PO-19195,B2B,87,5,1056.858,2,2,1,221,At Risk,3.2,0.03200000000000001,0.6,56.53
PP-18955,B2B,98,10,7252.608,2,4,4,244,Champions,2.735294117647059,0.195,0.35294117647058826,0.45
PR-18880,DTC,37,5,1840.178,3,2,2,322,Needs Attention,2.0833333333333335,0.21916666666666665,0.5833333333333334,14.14
PS-18760,DTC,108,6,2181.479,2,3,2,232,Needs Attention,2.6666666666666665,-0.0028571428571428554,0.5238095238095238,11.23
PS-18970,B2B,70,8,1278.639,3,4,2,342,Loyal Customers,3.230769230769231,0.26999999999999996,0.23076923076923078,8.35
PS-19045,B2B,237,7,6843.634,1,3,4,134,Loyal Customers,3.769230769230769,0.22307692307692306,0.23076923076923078,0.39
PT-19090,DTC,72,4,160.572,3,1,1,311,At Risk,2.142857142857143,-0.39,1.0,86.88
PV-18985,B2B,90,5,2876.046,2,2,3,223,Needs Attention,4.153846153846154,0.28153846153846157,0.38461538461538464,2.72
PW-19030,B2B,47,10,3454.916,3,4,3,343,Champions,4.0,0.29615384615384616,0.15384615384615385,0.49
PW-19240,DTC,465,7,3922.415,1,3,4,134,Loyal Customers,3.0,0.1383333333333333,0.4166666666666667,1.06
QJ-19255,B2B,26,9,6108.338,4,4,4,444,Champions,4.846153846153846,0.19230769230769232,0.3076923076923077,0.43
RA-19285,DTC,6,9,2617.906,4,4,3,443,Champions,3.2941176470588234,0.12,0.6470588235294118,0.37
RA-19885,B2B,44,7,3832.314,3,3,4,334,Champions,2.8666666666666667,0.3606666666666667,0.2,6.95
RA-19915,DTC,13,9,4793.543,4,4,4,444,Champions,5.2727272727272725,-0.24454545454545454,0.6363636363636364,1.67
RA-19945,DTC,62,5,1686.9225,3,2,2,322,Needs Attention,2.7777777777777777,-0.1677777777777778,0.8888888888888888,29.81
RB-19330,DTC,69,2,1008.196,3,1,1,311,At Risk,5.666666666666667,-0.25833333333333336,1.0,94.75
RB-19360,DTC,97,6,15117.339,2,3,4,234,Loyal Customers,2.888888888888889,0.20944444444444443,0.3333333333333333,2.6
RB-19435,DTC,20,8,2663.086,4,4,3,443,Champions,3.125,0.025625000000000005,0.3125,0.33
RB-19465,B2B,10,12,4715.466,4,4,4,444,Champions,3.4782608695652173,0.1656521739130435,0.4782608695652174,0.34
RB-19570,DTC,26,5,528.546,4,2,1,421,Needs Attention,3.0,0.14444444444444446,0.5555555555555556,50.11
RB-19645,B2B,649,5,221.084,1,2,1,121,At Risk,4.428571428571429,0.33285714285714285,0.7142857142857143,72.2
RB-19705,B2B,55,4,2067.45,3,1,2,312,Needs Attention,3.2857142857142856,0.012857142857142847,0.2857142857142857,40.53
RB-19795,B2B,33,8,5633.316000000001,3,4,4,344,Champions,4.722222222222222,0.0411111111111111,0.7777777777777778,0.82
RC-19825,DTC,370,6,966.409,1,3,1,131,At Risk,2.0,0.21000000000000002,0.5,54.95
RC-19960,DTC,111,6,885.752,2,3,1,231,Needs Attention,3.727272727272727,0.21636363636363634,0.7272727272727273,36.04
RD-19480,DTC,73,8,4272.93,3,4,4,344,Champions,4.8,0.26066666666666666,0.5333333333333333,0.5
RD-19585,DTC,181,10,2912.894,2,4,3,243,Loyal Customers,4.631578947368421,0.3363157894736842,0.15789473684210525,1.39
RD-19660,B2B,115,5,2786.632,2,2,3,223,Needs Attention,5.2,0.172,0.4,2.79
RD-19720,DTC,22,10,1419.737,4,4,2,442,Champions,4.35,0.1365,0.5,9.61
RD-19810,B2B,15,8,1137.616,4,4,1,441,Loyal Customers,3.875,0.12312499999999998,0.625,7.26
RD-19900,DTC,115,9,3133.924,2,4,3,243,Loyal Customers,3.761904761904762,0.27666666666666667,0.2857142857142857,0.39
RD-19930,DTC,43,4,970.942,3,1,1,311,At Risk,3.5,-0.12,1.0,79.78
RE-19405,DTC,1098,1,48.36,1,1,1,111,Hibernating,2.0,0.12,1.0,91.87
RE-19450,DTC,303,5,876.696,1,2,1,121,At Risk,3.4444444444444446,0.20777777777777778,0.4444444444444444,46.61
RF-19345,B2B,391,8,3309.15,1,4,3,143,Loyal Customers,3.625,0.148125,0.375,0.27
RF-19735,DTC,90,7,2341.2960000000003,2,3,3,233,Loyal Customers,4.0,0.38357142857142856,0.07142857142857142,8.35
RF-19840,DTC,7,8,945.222,4,4,1,441,Loyal Customers,3.6363636363636362,0.18636363636363634,0.18181818181818182,17.24
RH-19495,DTC,33,5,3621.376,3,2,3,323,Loyal Customers,1.625,0.33749999999999997,0.375,7.39
RH-19510,B2B,468,6,6979.18,1,3,4,134,Loyal Customers,2.8333333333333335,0.2891666666666667,0.16666666666666666,2.1
RH-19555,DTC,520,2,740.382,1,1,1,111,Hibernating,4.666666666666667,-0.47333333333333333,1.0,94.85
RH-19600,DTC,535,3,2085.74,1,1,2,112,At Risk,4.090909090909091,0.1809090909090909,0.45454545454545453,59.4
RK-19300,DTC,120,3,1460.192,2,1,2,212,At Risk,4.875,0.29375,0.25,62.15
RL-19615,DTC,122,8,6234.91,2,4,4,244,Champions,3.9583333333333335,0.07666666666666666,0.7083333333333334,0.35
RM-19375,DTC,346,6,1453.474,1,3,2,132,Needs Attention,4.111111111111111,0.31555555555555553,0.2222222222222222,28.07
RM-19675,B2B,7,5,5979.0960000000005,4,2,4,424,Champions,3.727272727272727,0.32636363636363636,0.18181818181818182,4.98
RM-19750,DTC,300,1,98.35,1,1,1,111,Hibernating,5.0,0.34500000000000003,0.0,89.5
RO-19780,DTC,36,7,3815.478,3,3,4,334,Champions,3.9166666666666665,-0.17833333333333334,0.8333333333333334,0.73
RP-19270,B2B,497,4,954.6452,1,1,1,111,Hibernating,3.5,0.14416666666666664,0.6666666666666666,68.55
RP-19390,DTC,34,12,5153.084,3,4,4,344,Champions,2.28,0.124,0.4,0.69
RP-19855,B2B,29,8,2170.716,4,4,2,442,Champions,5.066666666666666,0.114,0.3333333333333333,4.8
RR-19315,DTC,20,2,615.932,4,1,1,411,Needs Attention,1.25,-0.015000000000000006,0.75,85.53
RR-19525,B2B,171,6,3302.262,2,3,3,233,Loyal Customers,3.9,0.29500000000000004,0.3,1.91
RS-19420,B2B,77,5,3221.29,2,2,3,223,Needs Attention,2.6666666666666665,0.3244444444444444,0.0,20.03
RS-19765,B2B,37,8,4159.77,3,4,4,344,Champions,3.5,0.18928571428571428,0.35714285714285715,0.27
RS-19870,B2B,20,2,22.328,4,1,1,411,Needs Attention,3.3333333333333335,0.43999999999999995,0.3333333333333333,54.56
RW-19540,B2B,121,7,7397.401,2,3,4,234,Loyal Customers,4.478260869565218,0.16869565217391305,0.43478260869565216,0.29
RW-19630,B2B,90,9,3279.746,2,4,3,243,Loyal Customers,4.4375,0.08812499999999998,0.5,0.38
RW-19690,DTC,80,5,3495.646,2,2,3,223,Needs Attention,3.933333333333333,0.2313333333333333,0.2,2.41
SA-20830,DTC,64,10,4767.3415,3,4,4,344,Champions,3.5714285714285716,0.17523809523809522,0.6666666666666666,0.35
SB-20170,DTC,202,3,1348.02,1,1,2,112,At Risk,5.714285714285714,0.011428571428571425,0.42857142857142855,72.02
SB-20185,DTC,189,6,6410.996,1,3,4,134,Loyal Customers,3.3333333333333335,0.1991666666666667,0.6666666666666666,2.63
SB-20290,B2B,48,7,8057.891,3,3,4,334,Champions,3.3529411764705883,-0.0688235294117647,0.5882352941176471,0.48
SC-20020,DTC,782,5,3362.9636,1,2,3,123,Needs Attention,4.705882352941177,-0.06823529411764706,0.6470588235294118,2.62
SC-20050,B2B,41,9,4624.572,3,4,4,344,Champions,5.4,0.024666666666666667,0.5333333333333333,0.59
SC-20095,DTC,350,9,14142.334,1,4,4,144,Loyal Customers,4.636363636363637,0.2631818181818182,0.3181818181818182,0.41
SC-20230,B2B,150,4,4371.9580000000005,2,1,4,214,Needs Attention,5.545454545454546,0.19727272727272727,0.5454545454545454,10.85
SC-20260,B2B,188,8,3729.793,1,4,3,143,Loyal Customers,3.611111111111111,-0.05888888888888891,0.5,0.72
SC-20305,DTC,30,7,3979.065,4,3,4,434,Champions,3.75,0.15583333333333332,0.6666666666666666,0.35
SC-20380,DTC,31,9,5992.536,4,4,4,444,Champions,3.9,0.03949999999999999,0.5,0.4
SC-20440,B2B,37,7,1874.998,3,3,2,332,Loyal Customers,4.2,-0.010000000000000009,0.7,4.75
SC-20575,DTC,93,5,902.728,2,2,1,221,At Risk,4.0,-0.31285714285714283,0.5714285714285714,58.81
SC-20680,B2B,127,6,1254.64,2,3,2,232,Needs Attention,5.375,0.3575,0.0,45.63
SC-20695,B2B,90,10,2576.408,2,4,3,243,Loyal Customers,4.428571428571429,-0.11357142857142853,0.35714285714285715,0.77
SC-20725,DTC,188,11,5226.21,1,4,4,144,Loyal Customers,3.576923076923077,0.1203846153846154,0.5,0.34
SC-20770,B2B,42,7,4492.657,3,3,4,334,Champions,3.0,-0.15238095238095237,0.8095238095238095,1.27
SC-20800,DTC,31,4,279.25600000000003,4,1,1,411,Needs Attention,2.6,0.242,0.6,70.61
SC-20845,DTC,132,2,280.632,2,1,1,211,At Risk,4.0,0.2,1.0,87.45
SD-20485,B2B,201,9,6121.114,1,4,4,144,Loyal Customers,3.8095238095238093,0.20190476190476192,0.42857142857142855,0.25
SE-20110,DTC,10,11,12209.438000000002,4,4,4,444,Champions,4.421052631578948,0.19368421052631576,0.3684210526315789,0.31
SF-20065,DTC,60,7,763.5459999999999,3,3,1,331,Needs Attention,2.4444444444444446,0.24000000000000002,0.4444444444444444,19.64
SF-20200,DTC,60,9,3422.786,3,4,3,343,Champions,3.1333333333333333,0.18066666666666667,0.4,0.27
SF-20965,B2B,49,9,3336.535,3,4,3,343,Champions,3.9411764705882355,-0.06411764705882352,0.7058823529411765,1.48
SG-20080,DTC,9,3,3406.581,4,1,3,413,Loyal Customers,0.7272727272727273,0.27090909090909093,0.2727272727272727,15.48
SG-20470,DTC,184,8,1884.798,2,4,2,242,Loyal Customers,3.7142857142857144,0.10285714285714286,0.2857142857142857,2.85
SG-20605,DTC,109,6,3124.832,2,3,3,233,Loyal Customers,4.461538461538462,0.2323076923076923,0.46153846153846156,2.19
SG-20890,B2B,227,3,47.946,1,1,1,111,Hibernating,4.0,-0.502,0.8,89.79
SH-19975,B2B,30,13,3406.8395,4,4,3,443,Champions,4.862068965517241,0.15999999999999998,0.4482758620689655,0.41
SH-20395,DTC,24,10,2180.718,4,4,2,442,Champions,3.4,-0.0040000000000000036,0.6,2.76
SH-20635,B2B,766,2,2096.392,1,1,2,112,At Risk,4.5,0.165,1.0,82.61
SJ-20125,B2B,96,12,3949.656,2,4,4,244,Champions,4.25,-0.03416666666666667,0.7083333333333334,0.57
SJ-20215,DTC,30,6,1341.036,4,3,2,432,Loyal Customers,3.5,-0.269,1.0,26.9
SJ-20500,DTC,254,5,1318.776,1,2,2,122,At Risk,4.428571428571429,-0.15,0.2857142857142857,48.4
SK-19990,DTC,9,3,883.409,4,1,1,411,Needs Attention,4.0,0.08399999999999999,0.4,66.33
SL-20155,B2B,71,7,3053.012,3,3,3,333,Loyal Customers,2.888888888888889,0.01777777777777778,0.5555555555555556,0.61
SM-20005,DTC,422,4,244.494,1,1,1,111,Hibernating,4.5,-0.021666666666666685,0.6666666666666666,81.87
SM-20320,B2B,80,5,25043.05,2,2,4,224,Loyal Customers,4.266666666666667,0.07733333333333334,0.8666666666666667,3.42
SM-20905,DTC,607,1,1043.041,1,1,1,111,Hibernating,2.0,-0.05333333333333332,1.0,88.15
SM-20950,B2B,26,12,5563.392,4,4,4,444,Champions,4.2727272727272725,0.18954545454545454,0.4090909090909091,0.28
SN-20560,B2B,112,6,1860.418,2,3,2,232,Needs Attention,4.866666666666666,0.12000000000000001,0.3333333333333333,15.07
SN-20710,B2B,80,7,3127.9592,2,3,3,233,Loyal Customers,4.2631578947368425,0.22947368421052633,0.47368421052631576,1.35
SO-20335,DTC,30,6,2602.5755,4,3,3,433,Champions,5.533333333333333,0.19066666666666665,0.5333333333333333,2.35
SP-20545,B2B,328,6,1306.086,1,3,2,132,Needs Attention,4.4,-0.27,0.7,31.25
SP-20620,B2B,48,9,5440.319,3,4,4,344,Champions,3.875,-0.014166666666666673,0.75,0.48
SP-20650,B2B,387,9,1872.436,1,4,2,142,Needs Attention,3.8666666666666667,0.19466666666666665,0.4666666666666667,3.03
SP-20860,B2B,80,10,4282.94,2,4,4,244,Champions,4.375,0.07166666666666667,0.7083333333333334,0.36
SP-20920,DTC,71,6,3990.689,3,3,4,334,Champions,2.5,-0.08,0.7857142857142857,2.22
SR-20425,B2B,9,5,3233.481,4,2,3,423,Loyal Customers,5.555555555555555,-0.2911111111111111,0.6666666666666666,5.16
SR-20740,B2B,197,8,4345.886,1,4,4,144,Loyal Customers,4.083333333333333,0.35000000000000003,0.16666666666666666,1.06
SS-20140,B2B,16,8,1324.028,4,4,2,442,Champions,3.9523809523809526,0.15,0.3333333333333333,6.57
SS-20410,DTC,111,6,3056.807,2,3,3,233,Loyal Customers,4.333333333333333,-0.18916666666666668,0.5,2.56
SS-20515,B2B,492,3,613.4,1,1,1,111,Hibernating,4.333333333333333,0.3383333333333334,0.0,86.53
SS-20590,DTC,433,6,418.49,1,3,1,131,At Risk,3.7777777777777777,0.30444444444444446,0.0,66.44
SS-20875,DTC,121,5,964.636,2,2,1,221,At Risk,5.8,0.02999999999999998,0.8,66.77
ST-20530,DTC,126,7,433.34,2,3,1,231,Needs Attention,4.5,0.09166666666666667,0.8333333333333334,36.01
SU-20665,B2B,21,7,2595.364,4,3,3,433,Champions,1.8333333333333333,0.22499999999999998,0.6111111111111112,1.44
SV-20365,DTC,102,10,11470.95,2,4,4,244,Champions,4.34375,0.1325,0.5,0.35
SV-20785,DTC,321,9,4105.305,1,4,4,144,Loyal Customers,4.24,0.0944,0.6,0.36
SV-20815,B2B,77,4,1271.09,2,1,2,212,At Risk,3.6666666666666665,0.17166666666666666,0.6666666666666666,63.73
SV-20935,DTC,3,8,1903.491,4,4,2,442,Champions,3.6923076923076925,0.059999999999999984,0.6153846153846154,2.59
SW-20245,DTC,82,7,1085.078,2,3,1,231,Needs Attention,3.5,-0.10600000000000001,0.7,19.23
SW-20275,DTC,31,6,1966.65,4,3,2,432,Loyal Customers,4.428571428571429,0.32285714285714284,0.14285714285714285,13.02
SW-20350,B2B,163,3,1019.044,2,1,1,211,At Risk,4.833333333333333,0.03666666666666666,0.5,81.61
SW-20455,DTC,163,7,2921.544,2,3,3,233,Loyal Customers,4.0,0.31222222222222223,0.5555555555555556,0.47
SW-20755,B2B,535,2,758.6959999999999,1,1,1,111,Hibernating,4.25,0.27749999999999997,0.5,78.41
SZ-20035,B2B,36,11,3625.329,3,4,3,343,Champions,3.7,0.0385,0.75,0.41
TA-21385,B2B,70,4,14595.62,3,1,4,314,Loyal Customers,3.9,0.145,0.2,9.36
TB-21055,DTC,120,5,1467.881,2,2,2,222,Needs Attention,3.1666666666666665,0.3605555555555556,0.2222222222222222,36.83
TB-21175,B2B,59,4,3589.296,3,1,3,313,Needs Attention,4.0,0.23272727272727273,0.45454545454545453,9.72
TB-21190,B2B,50,4,816.1740000000001,3,1,1,311,At Risk,3.0,0.3275,0.0,81.17
TB-21250,DTC,350,7,1602.376,1,3,2,132,Needs Attention,4.052631578947368,-0.017894736842105262,0.7894736842105263,8.74
TB-21280,DTC,584,6,2198.45,1,3,2,132,Needs Attention,4.181818181818182,0.26363636363636367,0.2727272727272727,9.36
TB-21355,B2B,147,5,834.328,2,2,1,221,At Risk,2.3076923076923075,0.32230769230769235,0.3076923076923077,63.2
TB-21400,DTC,203,7,9133.99,1,3,4,134,Loyal Customers,3.235294117647059,0.2964705882352941,0.35294117647058826,0.35
TB-21520,DTC,108,9,4737.486,2,4,4,244,Champions,3.9,-0.009,0.8,0.48
TB-21595,DTC,286,5,1387.559,1,2,2,122,At Risk,3.5714285714285716,-0.03714285714285715,0.7142857142857143,44.89
TB-21625,DTC,31,9,2797.668,4,4,3,443,Champions,3.2666666666666666,0.06666666666666667,0.3333333333333333,0.33
TC-20980,B2B,400,5,19052.218,1,2,4,124,Needs Attention,5.916666666666667,0.21250000000000002,0.3333333333333333,4.6
TC-21145,B2B,107,1,1038.26,2,1,1,211,At Risk,4.0,0.23500000000000001,0.0,80.47
TC-21295,DTC,28,8,4266.812,4,4,4,444,Champions,3.0625,0.14125,0.375,1.06
TC-21475,B2B,154,9,1244.976,2,4,2,242,Loyal Customers,3.6363636363636362,-0.18999999999999997,0.5454545454545454,9.92
TC-21535,B2B,5,7,742.5580000000001,4,3,1,431,Loyal Customers,3.6,0.188,0.3,19.29
TD-20995,DTC,38,9,1434.5480000000002,3,4,2,342,Loyal Customers,2.4375,-0.10625000000000001,0.6875,13.57
TG-21310,DTC,338,5,3058.372,1,2,3,123,Needs Attention,4.0,0.05888888888888889,0.7777777777777778,2.51
TG-21640,DTC,115,4,2074.661,2,1,2,212,At Risk,1.6,0.184,0.4,48.48
TH-21100,DTC,345,5,2422.824,1,2,3,123,Needs Attention,4.571428571428571,0.16428571428571428,0.7142857142857143,3.56
TH-21115,B2B,59,4,2942.772,3,1,3,313,Needs Attention,4.333333333333333,0.06555555555555555,0.7777777777777778,24.46
TH-21235,B2B,118,8,1022.201,2,4,1,241,Needs Attention,4.153846153846154,-0.02153846153846154,0.6923076923076923,19.78
TH-21550,B2B,73,7,4234.0960000000005,3,3,4,334,Champions,3.6923076923076925,0.24615384615384617,0.15384615384615385,0.39
TM-21010,DTC,104,8,2955.226,2,4,3,243,Loyal Customers,4.2105263157894735,0.2536842105263158,0.10526315789473684,0.8
TM-21490,DTC,131,3,1094.678,2,1,1,211,At Risk,2.5,0.2475,0.25,70.79
TN-21040,B2B,91,7,3130.221,2,3,3,233,Loyal Customers,5.083333333333333,0.004166666666666659,0.6666666666666666,0.62
TP-21130,DTC,9,9,4454.0560000000005,4,4,4,444,Champions,3.625,0.095,0.25,0.39
TP-21415,DTC,105,5,5329.0048,2,2,4,224,Loyal Customers,4.0,-0.78,0.8,4.79
TP-21565,B2B,351,4,1936.64,1,1,2,112,At Risk,2.1,0.010999999999999987,1.0,56.2
TR-21325,DTC,194,5,675.9419999999999,1,2,1,121,At Risk,4.428571428571429,0.3885714285714285,0.14285714285714285,71.33
TS-21085,DTC,358,2,4.833,1,1,1,111,Hibernating,3.5,-0.685,1.0,89.33
TS-21160,B2B,505,6,2163.6240000000003,1,3,2,132,Needs Attention,4.0,-0.00235294117647059,0.5882352941176471,7.9
TS-21205,B2B,199,7,5371.09,1,3,4,134,Loyal Customers,3.9473684210526314,0.05789473684210527,0.5789473684210527,0.41
TS-21340,DTC,227,5,974.782,1,2,1,121,At Risk,3.25,-0.09666666666666668,0.75,64.01
TS-21370,B2B,37,6,11891.751,3,3,4,334,Champions,2.933333333333333,0.07733333333333334,0.26666666666666666,2.48
TS-21430,B2B,173,5,2054.14,2,2,2,222,Needs Attention,4.285714285714286,0.18714285714285714,0.5714285714285714,11.8
TS-21505,DTC,12,6,2243.274,4,3,2,432,Loyal Customers,4.142857142857143,-0.013571428571428576,0.7857142857142857,9.14
TS-21610,DTC,56,7,2820.424,3,3,3,333,Loyal Customers,3.6363636363636362,-0.25545454545454543,0.9090909090909091,0.73
TS-21655,DTC,239,5,3368.094,1,2,3,123,Needs Attention,4.142857142857143,-0.12428571428571429,0.5,3.56
TT-21070,DTC,32,7,4915.602,3,3,4,334,Champions,4.214285714285714,0.28214285714285714,0.5714285714285714,0.36
TT-21220,DTC,184,8,1427.044,2,4,2,242,Loyal Customers,2.933333333333333,0.012,0.6666666666666666,14.03
TT-21265,B2B,407,3,439.5,1,1,1,111,Hibernating,3.6666666666666665,0.25,0.0,84.68
TT-21460,B2B,13,7,5364.808,4,3,4,434,Champions,4.142857142857143,0.185,0.5,0.35
TW-21025,B2B,65,7,5278.826,3,3,4,334,Champions,4.333333333333333,0.225,0.5,0.35
TZ-21580,DTC,36,4,1707.286,3,1,2,312,Needs Attention,4.111111111111111,0.2733333333333333,0.4444444444444444,42.07
VB-21745,B2B,55,6,2005.596,3,3,2,332,Loyal Customers,3.9,0.08099999999999999,0.5,9.81
VD-21670,DTC,582,6,6442.254,1,3,4,134,Loyal Customers,4.5625,0.2175,0.375,1.88
VF-21715,B2B,14,5,847.944,4,2,1,421,Needs Attention,3.727272727272727,0.28909090909090907,0.2727272727272727,47.1
VG-21790,DTC,155,6,846.01,2,3,1,231,Needs Attention,3.625,0.22125,0.375,35.15
VG-21805,B2B,287,5,427.372,1,2,1,121,At Risk,4.333333333333333,0.22166666666666668,0.5,60.87
VM-21685,B2B,55,7,2454.866,3,3,3,333,Loyal Customers,2.5,0.2125,0.5,0.52
VM-21835,DTC,118,5,380.69,2,2,1,221,At Risk,2.0,0.24375,0.25,63.09
VP-21730,B2B,31,3,993.902,4,1,1,411,Needs Attention,4.4,0.22999999999999998,0.2,68.87
VP-21760,B2B,76,7,3360.526,3,3,3,333,Loyal Customers,3.7142857142857144,0.08499999999999999,0.5714285714285714,0.35
VS-21820,DTC,222,4,1055.981,1,1,1,111,Hibernating,4.375,-0.63,1.0,89.68
VT-21700,B2B,1001,2,1736.596,1,1,2,112,At Risk,4.888888888888889,-0.10666666666666666,1.0,83.97
VW-21775,B2B,29,10,6134.0380000000005,4,4,4,444,Champions,5.055555555555555,0.11611111111111111,0.4444444444444444,0.41
WB-21850,DTC,21,11,6160.102,4,4,4,444,Champions,3.1621621621621623,0.018108108108108107,0.6486486486486487,0.44
XP-21865,DTC,44,11,2374.658,3,4,3,343,Champions,4.892857142857143,0.3192857142857143,0.21428571428571427,2.57
YC-21895,B2B,5,5,5454.35,4,2,4,424,Champions,3.875,0.26625,0.375,2.71
YS-21880,B2B,10,8,6720.444,4,4,4,444,Champions,4.75,0.2366666666666667,0.25,0.76
ZC-21910,DTC,55,13,8025.707,3,4,4,344,Champions,4.483870967741935,-0.20129032258064516,0.6451612903225806,0.85
ZD-21925,DTC,203,5,1493.944,1,2,2,122,At Risk,3.7777777777777777,0.2577777777777778,0.5555555555555556,32.63
